date,lolpatch,team,matchtype,gamenumber,side,victorydefeat,time,ban1,ban2,ban3,ban4,ban5,towersdestroyed,inhibitorsdestroyed,baronsslain,dragonsslain,riftheraldsslain,dragons,role,summoner,champion,kill,death,assist,largestkillingspree,largestmultikill,firstblood,totaldamagedealttochampions,physicaldamagedealttochampions,magicdamagedealttochampions,truedamagedealttochampions,totaldamagedealt,physicaldamagedealt,magicdamagedealt,truedamagedealt,largestcriticalstrike,totaldamagetoobjectives,totaldamagetoturrets,damagehealed,damagetaken,physicaldamagetaken,magicdamagetaken,truedamagetaken,wardsplaced,wardsdestroyed,stealthwardspurchased,controlwardspurchased,goldearned,goldspent,minionskilled,neutralminionskilled,neutralminionskilledinteamsjungle,neutralminionskilledinenemyjungle,kdaratio,killparticipation,damageperdeath,damageshare,damagepergold,goldadvantage,csadvantage,csperminute
2019-11-08,9.22,Lindenwood University,scrim,1,blue,victory,22:24,Jax,Morgana,Caitlyn,Vayne,Kai'Sa,7,1,1,2,1,Infernal Ocean,top,PoppyaOn,Camille,3,2,3,3,1,1,11.1,9.1,0.2,1.8,95.1,81.6,0.2,13.3,0,11.5,3.9,1.6,9.8,4.3,5.3,0.1,12,1,0,1,9.2,8.3,143,12,8,0,3,0.222222222,5.55,0.226069246,1.206521739,2.8,26,6.919642857
2019-11-08,9.22,Lindenwood University,scrim,1,blue,victory,22:24,Jax,Morgana,Caitlyn,Vayne,Kai'Sa,7,1,1,2,1,Infernal Ocean,jng,MoonJuices,Skarner,15,0,4,15,4,0,19.6,11.4,5.8,2.4,140.7,99.2,32.7,8.8,0,23.3,5.3,9,17.9,10.7,6.5,0.7,6,1,0,0,13.4,11.5,27,118,74,8,19,0.703703704,19.6,0.399185336,1.462686567,6.4,42,6.473214286
2019-11-08,9.22,Lindenwood University,scrim,1,blue,victory,22:24,Jax,Morgana,Caitlyn,Vayne,Kai'Sa,7,1,1,2,1,Infernal Ocean,mid,VinaZz VI,Ryze,2,1,5,2,1,0,5.5,0.4,5.1,0,124,8.9,104.8,10.3,0,8.2,2.2,2.2,4.7,2,2.6,0.1,10,1,0,2,9.2,7.2,168,14,10,0,7,0.259259259,5.5,0.112016293,0.597826087,2.7,43,8.125
2019-11-08,9.22,Lindenwood University,scrim,1,blue,victory,22:24,Jax,Morgana,Caitlyn,Vayne,Kai'Sa,7,1,1,2,1,Infernal Ocean,adc,Puzyri,Tristana,4,2,8,2,2,0,6.5,4.5,1.9,0.1,62.3,49,13.2,0.1,571,10.5,3.8,0.4,6.1,2.9,2.9,0.3,8,1,0,5,8.7,7,124,4,4,0,6,0.444444444,3.25,0.132382892,0.747126437,2.5,6,5.714285714
2019-11-08,9.22,Lindenwood University,scrim,1,blue,victory,22:24,Jax,Morgana,Caitlyn,Vayne,Kai'Sa,7,1,1,2,1,Infernal Ocean,sup,Kendallizer,Leona,3,1,13,3,1,0,6.4,1.9,4,0.6,17.4,5.8,5.6,6,0,0.7,0.2,1.6,8.4,5.3,3,0.1,22,5,0,9,6.7,6.1,33,0,0,0,16,0.592592593,6.4,0.130346232,0.955223881,2.7,19,1.473214286
2019-11-08,9.22,Purdue Fort Wayne,scrim,1,red,defeat,22:24,Nunu & Willump,Zac,Zoe,Soraka,Nami,0,0,0,1,0,Mountain,top,Lemonado,Maokai,1,4,2,1,1,0,8.4,1.5,6.8,0,81.2,12.9,59.5,8.7,0,2.2,2,5,17.3,11.7,3.6,1.9,8,0,0,1,6.4,5.8,129,0,0,0,0.75,0.5,2.1,0.292682927,1.3125,-2.8,-26,5.758928571
2019-11-08,9.22,Purdue Fort Wayne,scrim,1,red,defeat,22:24,Nunu & Willump,Zac,Zoe,Soraka,Nami,0,0,0,1,0,Mountain,jng,inhumani,Warwick,2,6,2,2,1,0,4.7,1.6,2.5,0.6,79.6,48.9,26,4.7,0,5.7,0,8.1,20.8,14.2,5.1,1.5,4,3,0,3,7,6.5,11,92,72,0,0.666666667,0.666666667,0.783333333,0.163763066,0.671428571,-6.4,-42,4.598214286
2019-11-08,9.22,Purdue Fort Wayne,scrim,1,red,defeat,22:24,Nunu & Willump,Zac,Zoe,Soraka,Nami,0,0,0,1,0,Mountain,mid,KingBooty,Syndra,2,6,1,2,1,0,7.4,0.6,6.3,0.6,64.1,9.6,52.4,2.1,0,0.9,0,0.9,10.7,6.1,4,0.7,9,3,0,3,6.5,5.8,131,8,8,0,0.5,0.5,1.233333333,0.257839721,1.138461538,-2.7,-43,6.205357143
2019-11-08,9.22,Purdue Fort Wayne,scrim,1,red,defeat,22:24,Nunu & Willump,Zac,Zoe,Soraka,Nami,0,0,0,1,0,Mountain,adc,Brïsingr,Jinx,1,7,1,1,1,0,5.4,4.8,0.4,0.1,52.7,49.9,0.8,2,519,2.4,1,0.3,11.4,7,3.8,0.5,6,2,0,0,6.2,5.8,118,4,4,0,0.285714286,0.333333333,0.771428571,0.18815331,0.870967742,-2.5,-6,5.446428571
2019-11-08,9.22,Purdue Fort Wayne,scrim,1,red,defeat,22:24,Nunu & Willump,Zac,Zoe,Soraka,Nami,0,0,0,1,0,Mountain,sup,Gem27,Lulu,0,4,1,0,0,0,2.8,0.5,2.3,0,10.8,1.8,7,2,0,3.2,0,0,5.1,2,2.9,0.2,11,1,0,4,4,3.1,14,0,0,0,0.25,0.166666667,0.7,0.097560976,0.7,-2.7,-19,0.625
2019-11-08,9.22,Purdue Fort Wayne,scrim,2,blue,defeat,31:10:00,Aatrox,Ahri,Akali,Blitzcrank,Katarina,2,0,0,1,1,Ocean,top,Lemonado,Urgot,4,7,4,2,2,0,22.3,18.5,0.4,3.4,139.3,116.7,0.7,21.9,0,4.5,1.7,4.1,28.3,16.7,8.6,2.9,8,2,0,2,10.9,10.3,164,4,0,0,1.142857143,0.421052632,3.185714286,0.24291939,2.04587156,-3.2,-58,5.390374332
2019-11-08,9.22,Purdue Fort Wayne,scrim,2,blue,defeat,31:10:00,Aatrox,Ahri,Akali,Blitzcrank,Katarina,2,0,0,1,1,Ocean,jng,thezdude3,Ekko,5,10,7,2,1,1,23.2,2.9,18.8,1.5,124.4,27.1,92.7,4.6,0,9.4,0.5,14.2,35.3,24.2,9.2,1.9,13,2,0,4,10.2,9.8,41,84,65,0,1.2,0.631578947,2.32,0.252723312,2.274509804,-5.8,-102,4.010695187
2019-11-08,9.22,Purdue Fort Wayne,scrim,2,blue,defeat,31:10:00,Aatrox,Ahri,Akali,Blitzcrank,Katarina,2,0,0,1,1,Ocean,mid,KingBooty,Garen,8,6,6,3,2,0,27.4,18.6,0.2,8.5,113.8,84.2,0.3,29.3,164,7.8,2,3.2,26,14.5,7.7,3.8,16,4,0,6,11.4,11.5,126,8,8,0,2.333333333,0.736842105,4.566666667,0.298474946,2.403508772,-4.6,-63,4.299465241
2019-11-08,9.22,Purdue Fort Wayne,scrim,2,blue,defeat,31:10:00,Aatrox,Ahri,Akali,Blitzcrank,Katarina,2,0,0,1,1,Ocean,adc,Calsiver,Xayah,1,10,4,1,1,0,10.2,10.2,0.1,0,80.9,77,0.1,3.9,473,3.1,2.4,1.6,18.9,8.4,9.9,0.6,11,8,0,4,8,7.9,153,0,0,0,0.5,0.263157895,1.02,0.111111111,1.275,-3.8,14,4.909090909
2019-11-08,9.22,Purdue Fort Wayne,scrim,2,blue,defeat,31:10:00,Aatrox,Ahri,Akali,Blitzcrank,Katarina,2,0,0,1,1,Ocean,sup,Gem27,Nami,1,9,13,1,1,0,8.7,0.6,8,0.1,17,1.2,13.1,2.7,0,1.6,1.6,4.9,14.1,7,6.2,0.9,10,2,0,4,7.8,7,4,0,0,0,1.555555556,0.736842105,0.966666667,0.094771242,1.115384615,-1.5,-12,0.128342246
2019-11-08,9.22,Lindenwood University,scrim,2,red,victory,31:10:00,Zed,Zilean,Zoe,Ziggs,Ornn,11,3,1,3,0,Ocean Ocean Mountain,top,PoppyaOn,Kled,6,5,13,3,1,0,21,19.9,0,1.2,168.9,166.5,0,2.4,0,17,8.4,5.3,40.3,24.9,8.9,6.5,11,2,0,3,14.1,13.9,202,24,4,5,3.8,0.452380952,4.2,0.21319797,1.489361702,3.2,58,7.251336898
2019-11-08,9.22,Lindenwood University,scrim,2,red,victory,31:10:00,Zed,Zilean,Zoe,Ziggs,Ornn,11,3,1,3,0,Ocean Ocean Mountain,jng,MoonJuices,Zac,11,1,21,8,2,0,30.2,2.2,26.5,1.6,219.5,33.1,175.2,11.1,0,17.8,2.8,58.2,48.1,36.4,8,3.7,8,3,0,0,16,12.8,54,173,106,28,32,0.761904762,30.2,0.306598985,1.8875,5.8,102,7.28342246
2019-11-08,9.22,Lindenwood University,scrim,2,red,victory,31:10:00,Zed,Zilean,Zoe,Ziggs,Ornn,11,3,1,3,0,Ocean Ocean Mountain,mid,VinaZz VI,Camille,15,2,9,12,2,0,25.9,20,0.4,5.4,156.7,133.8,0.4,22.5,0,12.7,7.9,5.7,21.6,13.9,5.4,2.3,11,5,0,3,16,13.6,193,4,1,0,12,0.571428571,12.95,0.262944162,1.61875,4.6,63,6.320855615
2019-11-08,9.22,Lindenwood University,scrim,2,red,victory,31:10:00,Zed,Zilean,Zoe,Ziggs,Ornn,11,3,1,3,0,Ocean Ocean Mountain,adc,Puzyri,Kog'Maw,7,4,11,3,1,0,13,5.7,6.6,0.7,88.1,60.5,19.8,7.8,345,16.2,5.2,2.8,11.1,6.6,2.6,1.9,8,2,0,4,11.8,11.3,135,4,4,0,4.5,0.428571429,3.25,0.131979695,1.101694915,3.8,-14,4.459893048
2019-11-08,9.22,Lindenwood University,scrim,2,red,victory,31:10:00,Zed,Zilean,Zoe,Ziggs,Ornn,11,3,1,3,0,Ocean Ocean Mountain,sup,Kendallizer,Thresh,3,7,17,3,2,0,8.4,0.6,6.6,1.1,14.6,2.5,10.8,1.3,0,2.1,2.1,1,17,10.9,4.7,1.4,23,14,0,7,9.3,6.9,16,0,0,0,2.857142857,0.476190476,1.2,0.085279188,0.903225806,1.5,12,0.513368984
2019-11-08,9.22,Lindenwood University,scrim,3,blue,victory,29:40:00,Morgana,Caitlyn,Jax,Lulu,Syndra,11,2,1,2,0,Mountain Ocean,top,PoppyaOn,Camille,10,3,4,6,3,0,19,13,0.6,5.3,157.2,130.2,0.7,26.2,0,26.9,12.4,1.8,24,16.9,4.1,3,14,3,0,5,14.5,12,177,23,8,11,4.666666667,0.518518519,6.333333333,0.323129252,1.310344828,6.9,114,6.741573034
2019-11-08,9.22,Lindenwood University,scrim,3,blue,victory,29:40:00,Morgana,Caitlyn,Jax,Lulu,Syndra,11,2,1,2,0,Mountain Ocean,jng,MoonJuices,Warwick,5,3,10,3,1,1,11.7,4.4,6.3,0.9,164.3,88.9,64.3,11.1,0,23.2,2.7,15.5,27.9,15.2,8.6,4,8,2,0,0,12.5,10.8,61,123,76,15,5,0.555555556,3.9,0.198979592,0.936,3.8,77,6.202247191
2019-11-08,9.22,Lindenwood University,scrim,3,blue,victory,29:40:00,Morgana,Caitlyn,Jax,Lulu,Syndra,11,2,1,2,0,Mountain Ocean,mid,VinaZz VI,Ryze,7,5,2,6,2,0,15.5,0.4,15,0.1,156.9,8.8,145.8,2.3,0,4.7,3.2,3,14.3,6.2,5.9,2.1,11,0,0,2,12.1,11.7,180,30,24,6,1.8,0.333333333,3.1,0.263605442,1.280991736,1.4,55,7.078651685
2019-11-08,9.22,Lindenwood University,scrim,3,blue,victory,29:40:00,Morgana,Caitlyn,Jax,Lulu,Syndra,11,2,1,2,0,Mountain Ocean,adc,Puzyri,Jhin,1,1,10,1,1,0,4.7,4.5,0.2,0,62.3,59.8,0.4,2.1,1267,9.6,4,1.9,6.2,3.6,1.7,0.9,12,2,0,7,8.7,8.9,104,12,8,0,11,0.407407407,4.7,0.079931973,0.540229885,-2.8,-54,3.91011236
2019-11-08,9.22,Lindenwood University,scrim,3,blue,victory,29:40:00,Morgana,Caitlyn,Jax,Lulu,Syndra,11,2,1,2,0,Mountain Ocean,sup,Kendallizer,Lux,4,6,12,2,1,0,7.9,0.7,6.6,0.7,11.9,1,10.1,0.8,0,0.8,0.3,0.9,6.9,3.6,1.7,1.6,25,10,0,8,8.9,8.3,11,0,0,0,2.666666667,0.592592593,1.316666667,0.134353741,0.887640449,2.1,4,0.370786517
2019-11-08,9.22,Purdue Fort Wayne,scrim,3,red,defeat,29:40:00,Skarner,Nunu & Willump,Zac,Soraka,Leona,1,0,0,2,1,Mountain Mountain,top,thezdude3,Gnar,2,10,3,2,1,0,7.8,6.5,0.7,0.6,70.1,53,5.5,11.6,0,6.2,0,0.9,21.5,11.2,7.8,2.5,11,1,0,2,7.6,7.5,80,6,2,0,0.5,0.277777778,0.78,0.150289017,1.026315789,-6.9,-114,2.898876404
2019-11-08,9.22,Purdue Fort Wayne,scrim,3,red,defeat,29:40:00,Skarner,Nunu & Willump,Zac,Soraka,Leona,1,0,0,2,1,Mountain Mountain,jng,inhumani,Jarvan IV,2,7,10,2,1,0,6.2,3.8,1.3,1.1,90.1,55.5,28.3,6.3,0,12.3,1.5,5.9,25.6,13.2,9.8,2.5,2,3,0,3,8.7,7.5,24,83,56,5,1.714285714,0.666666667,0.885714286,0.119460501,0.712643678,-3.8,-77,3.606741573
2019-11-08,9.22,Purdue Fort Wayne,scrim,3,red,defeat,29:40:00,Skarner,Nunu & Willump,Zac,Soraka,Leona,1,0,0,2,1,Mountain Mountain,mid,KingBooty,Ahri,7,2,4,6,2,0,18.7,1.4,11.1,6.2,106.1,12.3,55.5,38.3,0,1.7,1.4,3,10.9,5.8,4.4,0.7,15,3,0,6,10.7,9.8,151,4,4,0,5.5,0.611111111,9.35,0.360308285,1.747663551,-1.4,-55,5.224719101
2019-11-08,9.22,Purdue Fort Wayne,scrim,3,red,defeat,29:40:00,Skarner,Nunu & Willump,Zac,Soraka,Leona,1,0,0,2,1,Mountain Mountain,adc,Brïsingr,Vayne,7,6,7,3,3,0,14.1,9.9,0.8,3.4,108.3,82.5,2.9,22.9,304,8.6,3.2,2.6,14.1,8.4,5.1,0.6,9,1,0,1,11.5,10.1,161,9,9,0,2.333333333,0.777777778,2.35,0.271676301,1.226086957,2.8,54,5.730337079
2019-11-08,9.22,Purdue Fort Wayne,scrim,3,red,defeat,29:40:00,Skarner,Nunu & Willump,Zac,Soraka,Leona,1,0,0,2,1,Mountain Mountain,sup,Gem27,Nami,0,2,16,0,0,0,5.1,0.2,4.6,0.4,11.3,1.4,9.2,0.7,0,1.6,1.4,5.1,5.2,1.6,2.9,0.7,15,5,0,4,6.8,5.7,7,0,0,0,8,0.888888889,2.55,0.098265896,0.75,-2.1,-4,0.235955056
2019-11-12,9.22,Lindenwood University,scrim,1,blue,defeat,24:40:00,Kai'Sa,Morgana,LeBlanc,Yasuo,Kassadin,0,0,0,1,0,Ocean,top,PoppyaOn,Akali,2,6,1,2,1,0,10.6,3.5,7.1,0,64,14.1,47.9,2.1,0,2.3,0,4,19.6,11.8,7.1,0.7,4,1,0,0,6.9,6.5,128,0,0,0,0.5,0.214285714,1.766666667,0.20662768,1.536231884,-4,-81,5.189189189
2019-11-12,9.22,Lindenwood University,scrim,1,blue,defeat,24:40:00,Kai'Sa,Morgana,LeBlanc,Yasuo,Kassadin,0,0,0,1,0,Ocean,jng,MoonJuices,Skarner,8,5,2,2,2,0,14.9,9.4,3.4,2,121,83.7,33.2,4,0,6.9,0,6.9,21.5,15.2,5.7,0.6,3,5,0,1,10.8,9.4,28,102,86,0,2,0.714285714,2.98,0.290448343,1.37962963,-0.5,-27,5.27027027
2019-11-12,9.22,Lindenwood University,scrim,1,blue,defeat,24:40:00,Kai'Sa,Morgana,LeBlanc,Yasuo,Kassadin,0,0,0,1,0,Ocean,mid,VinaZz VI,Qiyana,2,5,4,2,1,0,11.6,9.7,1.1,0.8,78.7,72.7,5.2,0.8,0,1.3,0,1.6,13.3,11.3,1.3,0.7,10,2,0,2,7.9,7.2,146,4,2,0,1.2,0.428571429,2.32,0.226120858,1.46835443,-1.3,18,6.081081081
2019-11-12,9.22,Lindenwood University,scrim,1,blue,defeat,24:40:00,Kai'Sa,Morgana,LeBlanc,Yasuo,Kassadin,0,0,0,1,0,Ocean,adc,Puzyri,Caitlyn,1,4,7,1,1,0,9.2,8.3,0.9,0,89.4,84.9,1.3,3.2,726,0.6,0,2.9,11.9,8.6,2.3,1,7,2,0,3,8.2,7.7,172,2,1,0,2,0.571428571,2.3,0.179337232,1.12195122,-2.3,16,7.054054054
2019-11-12,9.22,Lindenwood University,scrim,1,blue,defeat,24:40:00,Kai'Sa,Morgana,LeBlanc,Yasuo,Kassadin,0,0,0,1,0,Ocean,sup,Kendallizer,Leona,1,6,6,1,1,0,5,0.9,3.4,0.7,20.7,6.6,8,6,0,0.8,0,1.6,15.6,10.1,4.5,0.9,19,11,0,4,6.4,6.2,51,0,0,0,1.166666667,0.5,0.833333333,0.097465887,0.78125,-1,47,2.067567568
2019-11-12,9.22,Grand View University,scrim,1,red,victory,24:40:00,Kled,Nunu & Willump,Zac,Zoe,Camille,7,1,1,2,1,Mountain Ocean,top,cired,Vladimir,5,2,3,5,1,0,16,1,15,0,123.8,12.7,108.3,2.8,0,5.8,4.2,18.1,18.3,10.5,6.5,1.3,9,0,0,2,10.9,10.8,192,17,13,1,4,0.307692308,8,0.246533128,1.467889908,4,81,8.472972973
2019-11-12,9.22,Grand View University,scrim,1,red,victory,24:40:00,Kled,Nunu & Willump,Zac,Zoe,Camille,7,1,1,2,1,Mountain Ocean,jng,DreadJoker99,Rek'Sai,8,3,6,4,1,0,13.9,11.6,0,2.3,147.7,117.5,2.4,27.7,0,35.3,4,10.8,22.5,17.6,4.1,0.8,4,1,0,4,11.3,11.1,23,134,62,22,4.666666667,0.538461538,4.633333333,0.214175655,1.230088496,0.5,27,6.364864865
2019-11-12,9.22,Grand View University,scrim,1,red,victory,24:40:00,Kled,Nunu & Willump,Zac,Zoe,Camille,7,1,1,2,1,Mountain Ocean,mid,Mesterjakel,Pantheon,5,3,9,4,2,0,15,13,0.6,1.3,85,77.4,1.9,5.7,0,7,1.5,4.1,16.4,13.5,2.3,0.6,8,2,0,2,9.2,8.4,132,0,0,0,4.666666667,0.538461538,5,0.231124807,1.630434783,1.3,-18,5.351351351
2019-11-12,9.22,Grand View University,scrim,1,red,victory,24:40:00,Kled,Nunu & Willump,Zac,Zoe,Camille,7,1,1,2,1,Mountain Ocean,adc,Køusei,Xayah,7,2,9,4,1,1,15.4,14.9,0.4,0.1,101.5,96.4,1.4,3.7,415,13.3,5.9,1.7,10.1,7.9,1.8,0.4,9,2,0,2,10.5,9.8,154,4,0,4,8,0.615384615,7.7,0.237288136,1.466666667,2.3,-16,6.405405405
2019-11-12,9.22,Grand View University,scrim,1,red,victory,24:40:00,Kled,Nunu & Willump,Zac,Zoe,Camille,7,1,1,2,1,Mountain Ocean,sup,Dracolords,Rakan,1,4,17,1,1,0,4.6,1.2,3.3,0.1,9.7,4.6,4.7,0.4,0,2.1,1.1,2.6,9.4,5.2,3.8,0.4,23,3,0,8,7.4,6.9,4,0,0,0,4.5,0.692307692,1.15,0.070878274,0.621621622,1,-47,0.162162162
2019-11-12,9.22,Grand View University,scrim,2,blue,victory,33:00:00,Kled,Zac,Nunu & Willump,Warwick,Zoe,10,1,2,2,1,Infernal Mountain,top,cired,Renekton,12,8,18,4,2,0,29.6,26.7,2.9,0,169.7,162.9,5.8,1,0,14,10.6,14.4,41.3,20.7,14,6.6,12,5,0,3,16.6,14.9,194,17,5,4,3.75,0.652173913,3.7,0.24025974,1.78313253,4.7,66,6.393939394
2019-11-12,9.22,Grand View University,scrim,2,blue,victory,33:00:00,Kled,Zac,Nunu & Willump,Warwick,Zoe,10,1,2,2,1,Infernal Mountain,jng,DreadJoker99,Karthus,16,6,17,7,2,0,47.3,0.6,44.9,1.8,235.5,9.8,218.2,7.5,0,33.7,6.1,11.6,26.2,15.3,9.7,1.3,6,1,0,1,17.4,15.6,54,149,90,23,5.5,0.717391304,7.883333333,0.383928571,2.718390805,3.2,12,6.151515152
2019-11-12,9.22,Grand View University,scrim,2,blue,victory,33:00:00,Kled,Zac,Nunu & Willump,Warwick,Zoe,10,1,2,2,1,Infernal Mountain,mid,Mesterjakel,Qiyana,9,6,7,5,2,0,20.8,18.3,1.6,0.9,141.7,125.1,14,2.6,0,17.8,6.6,2.6,21.8,13.4,5.6,2.8,16,15,0,6,14,13.7,192,8,4,0,2.666666667,0.347826087,3.466666667,0.168831169,1.485714286,0.4,-1,6.060606061
2019-11-12,9.22,Grand View University,scrim,2,blue,victory,33:00:00,Kled,Zac,Nunu & Willump,Warwick,Zoe,10,1,2,2,1,Infernal Mountain,adc,Kayzo,Kai'Sa,7,3,15,3,1,1,16.6,9.5,7,0.1,128.7,91.1,30.4,7.2,0,31,5.6,4.3,16.3,10.3,5.5,0.5,9,2,0,3,13.5,12,155,26,12,1,7.333333333,0.47826087,5.533333333,0.13474026,1.22962963,3,-22,5.484848485
2019-11-12,9.22,Grand View University,scrim,2,blue,victory,33:00:00,Kled,Zac,Nunu & Willump,Warwick,Zoe,10,1,2,2,1,Infernal Mountain,sup,Dracolords,Nautilus,2,6,21,2,1,0,8.9,1.6,7.1,0.2,23.7,8.1,10.7,4.8,0,1.6,1,2.2,17.3,8,8,1.3,24,6,0,6,8.9,7.5,30,0,0,0,3.833333333,0.5,1.483333333,0.07224026,1,1.4,-18,0.909090909
2019-11-12,9.22,Lindenwood University,scrim,2,red,defeat,33:00:00,Morgana,Xayah,Pantheon,Yasuo,Kassadin,0,0,0,3,0,Infernal Infernal Mountain,top,PoppyaOn,Camille,7,9,12,3,1,0,20.2,14.5,0.5,5.2,107.7,88.4,0.5,18.9,0,0.4,0,2.7,28.8,13,15.2,0.7,15,1,0,4,11.9,11.4,145,0,0,0,2.111111111,0.678571429,2.244444444,0.215122471,1.697478992,-4.7,-66,4.393939394
2019-11-12,9.22,Lindenwood University,scrim,2,red,defeat,33:00:00,Morgana,Xayah,Pantheon,Yasuo,Kassadin,0,0,0,3,0,Infernal Infernal Mountain,jng,MoonJuices,Jax,9,11,10,3,1,0,23.4,15.7,5.2,2.5,182.1,143,33.1,6,0,12,0,12,40.8,24.2,15.7,0.9,5,3,0,0,14.2,13.7,63,128,100,0,1.727272727,0.678571429,2.127272727,0.249201278,1.647887324,-3.2,-12,5.787878788
2019-11-12,9.22,Lindenwood University,scrim,2,red,defeat,33:00:00,Morgana,Xayah,Pantheon,Yasuo,Kassadin,0,0,0,3,0,Infernal Infernal Mountain,mid,VinaZz VI,Ryze,9,10,6,3,2,0,29.7,0.9,27.3,1.4,182.4,6.9,168.9,6.7,0,1.6,0.4,7.5,31.4,18.2,12.7,0.5,12,4,0,1,13.6,12.2,193,8,8,0,1.5,0.535714286,2.97,0.31629393,2.183823529,-0.4,1,6.090909091
2019-11-12,9.22,Lindenwood University,scrim,2,red,defeat,33:00:00,Morgana,Xayah,Pantheon,Yasuo,Kassadin,0,0,0,3,0,Infernal Infernal Mountain,adc,Puzyri,Jinx,2,6,8,2,1,0,12.1,10.5,1,0.7,132.2,111.9,1.6,18.7,543,3.5,0,2.8,16.6,9.5,6.7,0.4,12,3,0,6,10.5,10.6,191,12,5,0,1.666666667,0.357142857,2.016666667,0.12886049,1.152380952,-3,22,6.151515152
2019-11-12,9.22,Lindenwood University,scrim,2,red,defeat,33:00:00,Morgana,Xayah,Pantheon,Yasuo,Kassadin,0,0,0,3,0,Infernal Infernal Mountain,sup,Kendallizer,Leona,1,10,14,1,1,0,8.5,2,4.9,1.6,26.3,8,8.2,10.1,0,1.3,0,1.3,26.4,10.6,15.2,0.6,27,12,0,12,7.5,7.3,48,0,0,0,1.5,0.535714286,0.85,0.090521832,1.133333333,-1.4,18,1.454545455
2019-11-12,9.22,Lindenwood University,scrim,3,blue,defeat,30:28:00,Renekton,Pantheon,Xayah,Karthus,Rek'Sai,2,0,0,2,0,Cloud Infernal,top,PoppyaOn,Garen,5,8,4,3,2,0,14.3,10.7,0.2,3.3,111.3,101.1,0.4,9.8,497,6.4,3.8,2,29.7,17.2,12.1,0.4,9,0,0,2,10.8,10.9,178,4,4,0,1.125,0.409090909,1.7875,0.213751868,1.324074074,-1.8,-77,5.973741794
2019-11-12,9.22,Lindenwood University,scrim,3,blue,defeat,30:28:00,Renekton,Pantheon,Xayah,Karthus,Rek'Sai,2,0,0,2,0,Cloud Infernal,jng,MoonJuices,Ekko,8,4,3,6,2,0,17.9,2,15.3,0.6,189.1,35.4,146.7,7,0,12.6,0.9,14.8,31.3,21,10.1,0.2,7,4,0,0,13,12.3,79,128,108,4,2.75,0.5,4.475,0.267563528,1.376923077,0.3,63,6.794310722
2019-11-12,9.22,Lindenwood University,scrim,3,blue,defeat,30:28:00,Renekton,Pantheon,Xayah,Karthus,Rek'Sai,2,0,0,2,0,Cloud Infernal,mid,VinaZz VI,Zoe,1,5,6,1,1,0,12.9,0.9,9.6,2.3,95.2,7.7,82,5.5,0,0.4,0.3,0.3,13.2,11.4,1.5,0.3,14,3,0,4,8.1,7.6,137,0,0,0,1.4,0.318181818,2.58,0.192825112,1.592592593,-4.1,-57,4.496717724
2019-11-12,9.22,Lindenwood University,scrim,3,blue,defeat,30:28:00,Renekton,Pantheon,Xayah,Karthus,Rek'Sai,2,0,0,2,0,Cloud Infernal,adc,Puzyri,Tristana,7,7,7,4,1,0,11.8,8.1,3.4,0.3,97.5,62.4,18.8,16.3,485,3.3,2.7,2.1,16.3,10.9,5,0.4,10,1,0,4,10.4,10.3,130,8,4,0,2,0.636363636,1.685714286,0.176382661,1.134615385,-5.7,-51,4.529540481
2019-11-12,9.22,Lindenwood University,scrim,3,blue,defeat,30:28:00,Renekton,Pantheon,Xayah,Karthus,Rek'Sai,2,0,0,2,0,Cloud Infernal,sup,Kendallizer,Leona,1,11,14,1,1,0,10,2.9,6.3,0.9,29.8,8.4,13.8,7.5,0,0.2,0.2,1.5,28,15.1,12.4,0.5,30,9,0,10,7.6,7.2,51,0,0,0,1.363636364,0.681818182,0.909090909,0.149476831,1.315789474,-1.4,13,1.673960613
2019-11-12,9.22,Grand View University,scrim,3,red,victory,30:28:00,Kled,Nunu & Willump,Zac,Akali,Camille,9,2,1,2,1,Cloud Cloud,top,cired,Ryze,4,4,10,2,1,0,23.2,1.2,22,0,235.6,13.2,222.5,0,0,16.5,5.4,8.1,22.3,13,8.8,0.5,13,5,0,4,12.6,11.2,200,59,43,7,3.5,0.4,5.8,0.257491676,1.841269841,1.8,77,8.501094092
2019-11-12,9.22,Grand View University,scrim,3,red,victory,30:28:00,Kled,Nunu & Willump,Zac,Akali,Camille,9,2,1,2,1,Cloud Cloud,jng,DreadJoker99,Nocturne,8,3,13,3,1,0,14.4,13.1,0.9,0.5,149,134,5.8,9.3,0,31.6,7.7,11.8,25.2,16.1,7.1,2.1,6,5,0,0,12.7,11.8,31,113,68,13,7,0.6,4.8,0.15982242,1.133858268,-0.3,-63,4.726477024
2019-11-12,9.22,Grand View University,scrim,3,red,victory,30:28:00,Kled,Nunu & Willump,Zac,Akali,Camille,9,2,1,2,1,Cloud Cloud,mid,Mesterjakel,Qiyana,6,3,12,3,2,0,19,16.7,1.5,0.8,114.3,102.3,11,1.1,0,4.5,2.7,1.2,16.6,8.5,6.2,1.9,12,10,0,3,12.2,11.3,194,0,0,0,6,0.514285714,6.333333333,0.210876804,1.557377049,4.1,57,6.36761488
2019-11-12,9.22,Grand View University,scrim,3,red,victory,30:28:00,Kled,Nunu & Willump,Zac,Akali,Camille,9,2,1,2,1,Cloud Cloud,adc,Køusei,Kai'Sa,15,5,8,6,2,0,27.3,17.4,9.6,0.2,169.5,125.4,38.8,5.3,0,26,6.5,3,15.7,7.5,7.4,0.8,12,6,0,2,16.1,14.5,173,16,8,4,4.6,0.657142857,5.46,0.30299667,1.695652174,5.7,51,6.203501094
2019-11-12,9.22,Grand View University,scrim,3,red,victory,30:28:00,Kled,Nunu & Willump,Zac,Akali,Camille,9,2,1,2,1,Cloud Cloud,sup,Dracolords,Nautilus,2,7,16,2,1,1,6.2,1.7,4.3,0.2,22.6,8.1,7.6,6.9,0,6.4,1,2.7,18.5,6.8,9.5,2.1,23,6,0,4,9,8.2,30,8,0,0,2.571428571,0.514285714,0.885714286,0.068812431,0.688888889,1.4,-13,1.24726477
2019-11-13,9.22,Lindenwood University,scrim,1,blue,victory,29:52:00,Ahri,Kai'Sa,Ashe,Darius,Zed,9,1,2,4,0,Infernal Cloud Ocean Cloud,top,LoL Coach Sam,Kennen,6,3,5,3,2,0,18.1,2.5,15.6,0,142.1,25.4,107.9,8.8,0,10.8,4,4.3,18.7,10,8.3,0.5,13,3,0,3,12.8,13.1,209,0,0,0,3.666666667,0.423076923,6.033333333,0.274658574,1.4140625,0.4,-40,6.997767857
2019-11-13,9.22,Lindenwood University,scrim,1,blue,victory,29:52:00,Ahri,Kai'Sa,Ashe,Darius,Zed,9,1,2,4,0,Infernal Cloud Ocean Cloud,jng,MoonJuices,Zac,4,0,13,4,1,0,14.3,1.3,11.9,1,185,34.7,141.5,8.7,0,26.5,0.9,52.8,48.7,43.5,5.1,0.1,8,6,0,0,12.4,10.6,59,139,70,21,17,0.653846154,14.3,0.216995448,1.153225806,4.2,66,6.629464286
2019-11-13,9.22,Lindenwood University,scrim,1,blue,victory,29:52:00,Ahri,Kai'Sa,Ashe,Darius,Zed,9,1,2,4,0,Infernal Cloud Ocean Cloud,mid,VinaZz VI,Ryze,3,2,8,2,1,0,12.5,0.4,11.9,0.2,226.3,11,212.6,2.7,0,18.6,5.7,8.3,16.9,8.4,8.4,0.1,16,5,0,6,12.9,11.1,238,23,12,5,5.5,0.423076923,6.25,0.189681335,0.968992248,3.4,42,8.738839286
2019-11-13,9.22,Lindenwood University,scrim,1,blue,victory,29:52:00,Ahri,Kai'Sa,Ashe,Darius,Zed,9,1,2,4,0,Infernal Cloud Ocean Cloud,adc,Puzyri,Tristana,9,4,7,3,1,0,13.6,11.6,1.7,0.2,143.7,113.9,23.8,6,605,21.1,7.4,2.2,13,8,4.7,0.3,6,10,0,4,13.5,11.8,157,20,16,0,4,0.615384615,3.4,0.206373293,1.007407407,3,8,5.926339286
2019-11-13,9.22,Lindenwood University,scrim,1,blue,victory,29:52:00,Ahri,Kai'Sa,Ashe,Darius,Zed,9,1,2,4,0,Infernal Cloud Ocean Cloud,sup,Kendallizer,Thresh,4,6,14,4,1,0,7.4,0.9,5.8,0.6,16.2,5.1,10.1,0.9,0,6.4,4.3,1.2,14.5,10.4,3.5,0.6,25,14,0,10,9.6,8.6,14,4,0,4,3,0.692307692,1.233333333,0.112291351,0.770833333,0.4,-39,0.602678571
2019-11-13,9.22,Snow College,scrim,1,red,defeat,29:52:00,Kled,Nunu & Willump,Jarvan IV,Camille,Zoe,5,1,0,0,1,,top,MexVance,Yorick,2,3,1,2,1,0,16.8,10,6,0.8,199.8,150.2,39.4,10.2,0,21.4,13.8,5.8,20.3,9.2,10.9,0.2,10,2,0,0,12.4,10.1,225,24,8,1,1,0.2,5.6,0.23628692,1.35483871,-0.4,40,8.337053571
2019-11-13,9.22,Snow College,scrim,1,red,defeat,29:52:00,Kled,Nunu & Willump,Jarvan IV,Camille,Zoe,5,1,0,0,1,,jng,BubbleBass06,Kha'Zix,1,4,3,1,1,0,7.7,7.1,0.6,0,111.9,97.7,5.7,8.5,0,9.6,0,10,21.8,12.5,9,0.3,6,10,0,8,8.2,7.9,36,96,62,13,1,0.266666667,1.925,0.108298172,0.93902439,-4.2,-66,4.419642857
2019-11-13,9.22,Snow College,scrim,1,red,defeat,29:52:00,Kled,Nunu & Willump,Jarvan IV,Camille,Zoe,5,1,0,0,1,,mid,StoopDM,Cassiopeia,1,4,3,1,1,0,13.2,0,13.1,0.1,106.5,13.8,89.7,2.9,0,0,0,3.7,15.3,6.2,8.8,0.3,11,1,0,6,9.5,8.3,219,0,0,0,1,0.266666667,3.3,0.185654008,1.389473684,-3.4,-42,7.332589286
2019-11-13,9.22,Snow College,scrim,1,red,defeat,29:52:00,Kled,Nunu & Willump,Jarvan IV,Camille,Zoe,5,1,0,0,1,,adc,Soxs,Caitlyn,5,6,5,2,1,1,23.7,22.8,0.9,0,137.3,122.7,2.7,11.9,820,0,0,2.9,14.9,6,8.2,0.7,11,2,0,4,10.5,10.2,165,4,4,0,1.666666667,0.666666667,3.95,0.333333333,2.257142857,-3,-8,5.658482143
2019-11-13,9.22,Snow College,scrim,1,red,defeat,29:52:00,Kled,Nunu & Willump,Jarvan IV,Camille,Zoe,5,1,0,0,1,,sup,nìçk,Nautilus,6,9,7,2,1,0,9.7,3,6,0.7,29.2,10,10.7,8.5,0,0,0,0.7,19.9,7.8,11.6,0.6,25,9,0,6,9.2,9.2,57,0,0,0,1.444444444,0.866666667,1.077777778,0.136427567,1.054347826,-0.4,39,1.908482143
2019-11-13,9.22,Snow College,scrim,2,blue,victory,31:57:00,Kled,Nunu & Willump,Ryze,Ezreal,Akali,11,3,2,5,1,Cloud Infernal Ocean Cloud Cloud,top,MexVance,Darius,9,5,5,5,3,0,15,10.4,0.4,4.2,175.3,152.8,2.2,20.3,11,11.7,8.1,4.6,23.5,18.2,3.1,2.2,12,8,0,4,14.7,12.7,222,8,0,4,2.8,0.4375,3,0.222551929,1.020408163,3,-2,7.198748044
2019-11-13,9.22,Snow College,scrim,2,blue,victory,31:57:00,Kled,Nunu & Willump,Ryze,Ezreal,Akali,11,3,2,5,1,Cloud Infernal Ocean Cloud Cloud,jng,BubbleBass06,Sejuani,4,1,14,2,1,1,7.8,4.3,2.8,0.6,141.3,76.2,51.7,13.4,0,35.1,1.1,13.8,32.8,26.8,5.6,0.4,8,8,0,9,12.4,10.6,26,132,72,8,18,0.5625,7.8,0.115727003,0.629032258,0.1,-37,4.945226917
2019-11-13,9.22,Snow College,scrim,2,blue,victory,31:57:00,Kled,Nunu & Willump,Ryze,Ezreal,Akali,11,3,2,5,1,Cloud Infernal Ocean Cloud Cloud,mid,StoopDM,LeBlanc,6,2,10,4,1,0,15.1,1.5,13.4,0.2,102,20.3,80.6,1.1,0,5.9,4,4.6,11.9,8.8,2.1,1,9,6,0,6,11.8,9.8,169,12,12,0,8,0.5,7.55,0.224035608,1.279661017,2.5,-20,5.665101721
2019-11-13,9.22,Snow College,scrim,2,blue,victory,31:57:00,Kled,Nunu & Willump,Ryze,Ezreal,Akali,11,3,2,5,1,Cloud Infernal Ocean Cloud Cloud,adc,Soxs,Caitlyn,11,0,11,11,2,0,21.4,20.8,0.5,0.2,234.8,219.9,4.5,10.4,1295,35.5,7.8,5.2,9.9,5.6,4.3,0,14,5,0,5,15.6,13,205,28,8,16,22,0.6875,21.4,0.317507418,1.371794872,6,3,7.292644757
2019-11-13,9.22,Snow College,scrim,2,blue,victory,31:57:00,Kled,Nunu & Willump,Ryze,Ezreal,Akali,11,3,2,5,1,Cloud Infernal Ocean Cloud Cloud,sup,nìçk,Thresh,2,1,23,2,1,0,8.1,1,5.4,1.6,20.9,5.7,13.6,1.6,0,4.3,1.3,6.4,11.8,6.4,5,0.4,29,10,0,8,10.3,9.7,12,0,0,0,25,0.78125,8.1,0.120178042,0.786407767,3.8,-9,0.375586854
2019-11-13,9.22,Lindenwood University,scrim,2,red,defeat,31:57:00,Ahri,Kai'Sa,Ashe,Yorick,Renekton,0,0,0,0,0,,top,LoL Coach Sam,Camille,3,5,5,2,1,0,14.9,11.4,1.1,2.4,157.7,135.5,1.1,21.1,0,4.6,1.4,1.8,24,17.9,4.1,1.9,12,3,0,1,11.7,11.6,228,4,1,0,1.6,0.888888889,2.98,0.300403226,1.273504274,-3,2,7.261345853
2019-11-13,9.22,Lindenwood University,scrim,2,red,defeat,31:57:00,Ahri,Kai'Sa,Ashe,Yorick,Renekton,0,0,0,0,0,,jng,MoonJuices,Jarvan IV,4,6,3,2,1,0,10.5,8.8,0.9,0.8,178.3,154.3,18.3,5.7,0,9.4,0,7.6,29.6,22.3,6.6,0.7,3,9,0,1,12.3,11.6,68,127,98,0,1.166666667,0.777777778,1.75,0.211693548,0.853658537,-0.1,37,6.103286385
2019-11-13,9.22,Lindenwood University,scrim,2,red,defeat,31:57:00,Ahri,Kai'Sa,Ashe,Yorick,Renekton,0,0,0,0,0,,mid,VinaZz VI,Orianna,1,5,2,1,1,0,6.8,0.6,6.1,0,116.3,12.7,98.6,4.9,0,0.7,0,1.1,12.5,5.7,5.4,1.4,13,8,0,3,9.3,8,197,4,4,0,0.6,0.333333333,1.36,0.137096774,0.731182796,-2.5,20,6.291079812
2019-11-13,9.22,Lindenwood University,scrim,2,red,defeat,31:57:00,Ahri,Kai'Sa,Ashe,Yorick,Renekton,0,0,0,0,0,,adc,Puzyri,Jinx,0,5,3,0,0,0,9.7,9.5,0.2,0,167.6,155.6,0.7,11.2,464,1.2,0,1.4,12.3,8.4,2.1,1.7,8,1,0,0,9.6,9.2,214,16,12,0,0.6,0.333333333,1.94,0.195564516,1.010416667,-6,-3,7.198748044
2019-11-13,9.22,Lindenwood University,scrim,2,red,defeat,31:57:00,Ahri,Kai'Sa,Ashe,Yorick,Renekton,0,0,0,0,0,,sup,Kendallizer,Morgana,1,11,5,1,1,0,7.7,0.3,6.6,0.8,13.2,1.2,11.3,0.8,0,0.1,0,0.9,17.1,9.8,6.1,1.1,33,16,0,16,6.5,6,21,0,0,0,0.545454545,0.666666667,0.7,0.155241935,1.184615385,-3.8,9,0.657276995
2019-11-13,9.22,Lindenwood University,scrim,3,blue,victory,42:38:00,Ahri,Darius,Caitlyn,LeBlanc,Zed,6,1,1,7,0,Infernal Infernal Cloud Infernal Cloud Cloud Elder,top,LoL Coach Sam,Camille,6,7,10,2,2,0,30.4,18.7,0.8,10.9,188.2,146.4,1.2,40.5,0,24.4,2.1,4,37.7,17.5,19.1,1.1,23,13,0,9,14.9,12.6,194,32,8,0,2.285714286,0.432432432,4.342857143,0.209078404,2.040268456,-1.7,-31,5.301016419
2019-11-13,9.22,Lindenwood University,scrim,3,blue,victory,42:38:00,Ahri,Darius,Caitlyn,LeBlanc,Zed,6,1,1,7,0,Infernal Infernal Cloud Infernal Cloud Cloud Elder,jng,MoonJuices,Zac,10,3,22,5,2,0,39.4,2.3,30.8,6.3,306.2,45.6,242.2,18.3,0,35.3,3.8,86,94.9,63,22.4,9.6,4,10,0,0,18.9,15.2,77,195,134,8,10.66666667,0.864864865,13.13333333,0.270976616,2.084656085,5.3,102,6.379984363
2019-11-13,9.22,Lindenwood University,scrim,3,blue,victory,42:38:00,Ahri,Darius,Caitlyn,LeBlanc,Zed,6,1,1,7,0,Infernal Infernal Cloud Infernal Cloud Cloud Elder,mid,VinaZz VI,Akali,11,8,11,4,3,0,31.9,5.4,26.1,0.5,207.1,42.8,163.8,0.5,0,6.7,4.6,14.9,37.8,18,18.3,1.5,19,3,0,6,18.2,17.9,232,20,12,0,2.75,0.594594595,3.9875,0.219394773,1.752747253,4.9,42,5.910867866
2019-11-13,9.22,Lindenwood University,scrim,3,blue,victory,42:38:00,Ahri,Darius,Caitlyn,LeBlanc,Zed,6,1,1,7,0,Infernal Infernal Cloud Infernal Cloud Cloud Elder,adc,Puzyri,Kai'Sa,10,2,12,8,2,0,33.3,13.7,16.7,2.9,257.9,183.6,60.6,13.7,0,22.6,3.7,3.5,17.3,9,7.3,1,15,5,0,9,18.4,15.4,251,36,24,0,11,0.594594595,16.65,0.229023384,1.809782609,0,36,6.731821736
2019-11-13,9.22,Lindenwood University,scrim,3,blue,victory,42:38:00,Ahri,Darius,Caitlyn,LeBlanc,Zed,6,1,1,7,0,Infernal Infernal Cloud Infernal Cloud Cloud Elder,sup,Kendallizer,Nami,0,9,19,0,0,0,10.4,0.7,9,0.7,16.8,2.7,11.3,2.8,0,2.6,0.2,16.1,23.6,9.2,13.7,0.7,46,25,0,19,10.4,9.4,31,0,0,0,2.111111111,0.513513514,1.155555556,0.071526823,1,-1,-32,0.727130571
2019-11-13,9.22,Snow College,scrim,3,red,defeat,42:38:00,Nunu & Willump,Kled,Thresh,Ryze,Kennen,8,2,2,0,1,,top,MexVance,Mordekaiser,7,7,6,2,2,0,38.1,2.9,32.7,2.5,225.1,30.6,182.7,11.7,0,12.7,4.4,17.9,50.3,21,23.8,5.5,17,8,0,4,16.6,16.3,237,20,8,0,1.857142857,0.448275862,5.442857143,0.256911666,2.295180723,1.7,31,6.02814699
2019-11-13,9.22,Snow College,scrim,3,red,defeat,42:38:00,Nunu & Willump,Kled,Thresh,Ryze,Kennen,8,2,2,0,1,,jng,BubbleBass06,Jarvan IV,3,6,16,3,1,0,13.6,10.3,2.2,1.2,162.7,97.2,53.6,12,0,23.7,0.8,11.7,41.1,20.4,15.5,5.2,8,10,0,11,13.6,13.5,42,128,106,0,3.166666667,0.655172414,2.266666667,0.091706001,1,-5.3,-102,3.987490227
2019-11-13,9.22,Snow College,scrim,3,red,defeat,42:38:00,Nunu & Willump,Kled,Thresh,Ryze,Kennen,8,2,2,0,1,,mid,StoopDM,Orianna,4,10,15,2,1,0,29.7,1.1,28.2,0.4,149.2,15.1,130.9,3.2,0,12.1,1.3,0.9,22.2,4.7,16.9,0.5,14,4,0,6,13.3,12.1,196,14,12,2,1.9,0.655172414,2.97,0.200269724,2.233082707,-4.9,-42,4.925723221
2019-11-13,9.22,Snow College,scrim,3,red,defeat,42:38:00,Nunu & Willump,Kled,Thresh,Ryze,Kennen,8,2,2,0,1,,adc,Soxs,Lucian,11,7,12,4,2,0,48.7,42.8,3.6,2.3,231.3,216.6,9.8,5,1031,24.6,8.1,6.1,30.4,10.7,16.7,3,17,4,0,5,18.4,17.8,224,27,23,2,3.285714286,0.793103448,6.957142857,0.328388402,2.64673913,0,-36,5.887412041
2019-11-13,9.22,Snow College,scrim,3,red,defeat,42:38:00,Nunu & Willump,Kled,Thresh,Ryze,Kennen,8,2,2,0,1,,sup,nìçk,Braum,4,7,18,4,1,1,18.2,2.4,10.7,5.2,40.8,11.1,13.4,16.3,0,2.9,1.5,11.7,30.8,9.7,15.9,5.1,49,12,0,11,11.4,11.1,63,0,0,0,3.142857143,0.75862069,2.6,0.122724208,1.596491228,1,32,1.477716966
2019-11-14,9.22,Lindenwood University,scrim,1,blue,defeat,38:33:00,Xayah,LeBlanc,Caitlyn,Orianna,Fiora,5,1,1,2,1,Infernal Infernal,top,LoL Coach Sam,Kled,10,6,12,3,1,0,24,22,0,2,168.8,162.2,0,6.6,0,7.5,2.4,5.9,55.3,33.1,20.9,1.3,22,1,0,13,15.5,15.7,174,20,8,4,3.666666667,0.6875,4,0.235988201,1.548387097,4.1,48,5.032425422
2019-11-14,9.22,Lindenwood University,scrim,1,blue,defeat,38:33:00,Xayah,LeBlanc,Caitlyn,Orianna,Fiora,5,1,1,2,1,Infernal Infernal,jng,MoonJuices,Skarner,8,9,17,2,1,0,28,15.3,8.6,4.1,226.3,152.5,55.9,17.9,0,28,5.4,11.7,41.6,24.2,16.2,1.2,2,9,0,0,16.2,14.9,122,112,87,0,2.777777778,0.78125,3.111111111,0.275319567,1.728395062,1.1,63,6.070038911
2019-11-14,9.22,Lindenwood University,scrim,1,blue,defeat,38:33:00,Xayah,LeBlanc,Caitlyn,Orianna,Fiora,5,1,1,2,1,Infernal Infernal,mid,VinaZz VI,Ryze,7,9,15,2,2,0,22.1,0.7,21.4,0,229,8.6,213.8,6.6,0,11.3,1.3,7.4,31.7,16.3,14.7,0.7,14,3,0,1,15.4,14.2,216,32,32,0,2.444444444,0.6875,2.455555556,0.217305801,1.435064935,0.2,40,6.433203632
2019-11-14,9.22,Lindenwood University,scrim,1,blue,defeat,38:33:00,Xayah,LeBlanc,Caitlyn,Orianna,Fiora,5,1,1,2,1,Infernal Infernal,adc,Puzyri,Kai'Sa,4,6,10,3,1,0,14.4,7.1,6.9,0.4,142.9,102.9,38.2,1.8,0,10.3,1.9,2.8,16.3,11,5.1,0.1,12,2,0,6,13.8,11.7,186,36,24,0,2.333333333,0.4375,2.4,0.14159292,1.043478261,-8,-53,5.758754864
2019-11-14,9.22,Lindenwood University,scrim,1,blue,defeat,38:33:00,Xayah,LeBlanc,Caitlyn,Orianna,Fiora,5,1,1,2,1,Infernal Infernal,sup,Kendallizer,Nautilus,3,14,19,3,1,0,13.2,1.8,8,3.4,40.9,10.3,12,18.6,0,1.2,0.7,5.8,33,19.3,12.7,0.9,44,16,0,15,10.6,10.5,63,0,0,0,1.571428571,0.6875,0.942857143,0.12979351,1.245283019,-2,1,1.634241245
2019-11-14,9.22,Niagra University,scrim,1,red,victory,38:33:00,Nunu & Willump,Zac,Morgana,Zoe,Azir,11,5,1,4,0,Mountain Cloud Infernal Cloud,top,LtJitters,Poppy,3,6,14,2,1,0,15.4,11.6,3.8,0,133,98.5,30.9,3.5,0,10.2,3.9,2.1,20.9,12.7,6.9,1.4,16,3,0,6,11.4,10.4,137,9,4,1,2.833333333,0.386363636,2.566666667,0.103703704,1.350877193,-4.1,-48,3.787289235
2019-11-14,9.22,Niagra University,scrim,1,red,victory,38:33:00,Nunu & Willump,Zac,Morgana,Zoe,Azir,11,5,1,4,0,Mountain Cloud Infernal Cloud,jng,NU Rezuu,Jarvan IV,8,9,29,3,2,0,26.6,21.4,3.7,1.5,178.9,145.5,23.8,9.6,0,27.3,3.8,12.8,38.3,24.1,12.6,1.6,5,3,0,1,15.1,12.6,51,120,83,0,4.111111111,0.840909091,2.955555556,0.179124579,1.761589404,-1.1,-63,4.435797665
2019-11-14,9.22,Niagra University,scrim,1,red,victory,38:33:00,Nunu & Willump,Zac,Morgana,Zoe,Azir,11,5,1,4,0,Mountain Cloud Infernal Cloud,mid,Panininani,Lissandra,9,10,15,4,3,0,44.4,0.8,42.6,1.1,191.1,13.4,174.9,2.8,0,9.4,6.9,2.3,29.8,13.1,14.6,2,15,10,0,3,15.2,13.8,178,30,20,6,2.4,0.545454545,4.44,0.298989899,2.921052632,-0.2,-40,5.395590143
2019-11-14,9.22,Niagra University,scrim,1,red,victory,38:33:00,Nunu & Willump,Zac,Morgana,Zoe,Azir,11,5,1,4,0,Mountain Cloud Infernal Cloud,adc,Crazymonkey1013,Tristana,20,2,13,10,2,1,47.8,40.4,6.3,1.2,273.1,205.4,39.1,28.6,893,29.6,13,4.7,17.8,11,5.3,1.6,14,12,0,2,21.8,21.1,220,55,35,16,16.5,0.75,23.9,0.321885522,2.19266055,8,53,7.133592737
2019-11-14,9.22,Niagra University,scrim,1,red,victory,38:33:00,Nunu & Willump,Zac,Morgana,Zoe,Azir,11,5,1,4,0,Mountain Cloud Infernal Cloud,sup,Mister Gambert,Leona,4,5,31,2,1,0,14.3,3,10.8,0.5,39.2,10.5,15.6,13.1,0,3.1,3,1.3,22.8,11.5,8,3.4,44,15,0,2,12.6,11.8,62,0,0,0,7,0.795454545,2.86,0.096296296,1.134920635,2,-1,1.608300908
2019-11-14,9.22,Niagra University,scrim,2,blue,victory,36:25:00,Nunu & Willump,Zac,Morgana,Kai'Sa,Jhin,10,3,2,0,0,,top,LtJitters,Poppy,2,7,13,2,1,0,14.2,11,3.1,0.1,142.9,98.5,27.9,16.4,0,9.4,4.2,1.7,20,14.9,3.6,1.5,12,3,0,2,10.8,10.1,173,2,2,0,2.142857143,0.517241379,2.028571429,0.116488925,1.314814815,-6.5,-87,4.805491991
2019-11-14,9.22,Niagra University,scrim,2,blue,victory,36:25:00,Nunu & Willump,Zac,Morgana,Kai'Sa,Jhin,10,3,2,0,0,,jng,NU Rezuu,Fiddlesticks,8,9,14,2,2,0,29.5,0.9,27.8,0.8,175.7,14.7,151,10,0,18.8,2.5,20.1,37.4,25.3,10.6,1.5,11,3,0,3,14.2,13.2,12,143,109,1,2.444444444,0.75862069,3.277777778,0.242001641,2.077464789,1,-92,4.256292906
2019-11-14,9.22,Niagra University,scrim,2,blue,victory,36:25:00,Nunu & Willump,Zac,Morgana,Kai'Sa,Jhin,10,3,2,0,0,,mid,Panininani,Orianna,16,9,10,4,4,0,46.8,1.6,42.6,2.6,194.6,16.3,175.1,3.2,0,3.4,3.2,0,22.7,14.1,5.3,3.3,10,0,0,1,18.8,15.4,195,25,25,0,2.888888889,0.896551724,5.2,0.383921247,2.489361702,2.8,68,6.041189931
2019-11-14,9.22,Niagra University,scrim,2,blue,victory,36:25:00,Nunu & Willump,Zac,Morgana,Kai'Sa,Jhin,10,3,2,0,0,,adc,Crazymonkey1013,Caitlyn,1,6,12,1,1,0,18.8,17,1.6,0.2,177.1,162.1,4.9,10.1,1018,19.1,5.2,3.5,13.2,7.7,4,1.5,13,9,0,4,13.1,11.9,222,20,13,0,2.166666667,0.448275862,3.133333333,0.154224774,1.435114504,-2.3,2,6.645308924
2019-11-14,9.22,Niagra University,scrim,2,blue,victory,36:25:00,Nunu & Willump,Zac,Morgana,Kai'Sa,Jhin,10,3,2,0,0,,sup,Mister Gambert,Thresh,2,4,16,2,1,0,12.6,1.3,10.3,1,26.9,4.9,19,2.9,0,3.9,2.7,1.7,17.8,11.5,3.8,2.4,36,14,0,4,10.7,9.9,26,0,0,0,4.5,0.620689655,3.15,0.103363413,1.177570093,1.3,-37,0.71395881
2019-11-14,9.22,Lindenwood University,scrim,2,red,defeat,36:25:00,Leona,LeBlanc,Rakan,Lissandra,Fiora,4,0,0,5,0,Ocean Ocean Cloud Ocean Infernal,top,LoL Coach Sam,Kled,10,4,10,5,3,1,25.9,23.2,0,2.7,225,220.1,0,4.9,0,14.8,4.6,11.3,54.4,32.5,20.5,1.5,18,1,0,7,17.3,17,254,8,1,0,5,0.571428571,6.475,0.330779055,1.497109827,6.5,87,7.194508009
2019-11-14,9.22,Lindenwood University,scrim,2,red,defeat,36:25:00,Leona,LeBlanc,Rakan,Lissandra,Fiora,4,0,0,5,0,Ocean Ocean Cloud Ocean Infernal,jng,MoonJuices,Amumu,1,7,14,1,1,0,14.5,1.2,11.8,1.5,221.4,41.3,163,17.1,0,20.4,0.5,11.2,38.4,15.9,21.7,0.8,4,5,0,2,13.2,12.9,69,178,146,0,2.142857143,0.428571429,2.071428571,0.185185185,1.098484848,-1,92,6.782608696
2019-11-14,9.22,Lindenwood University,scrim,2,red,defeat,36:25:00,Leona,LeBlanc,Rakan,Lissandra,Fiora,4,0,0,5,0,Ocean Ocean Cloud Ocean Infernal,mid,VinaZz VI,Pyke,12,6,3,2,2,0,13.4,9.8,0,3.6,118.8,93.9,0,24.9,0,3,0.4,8,27.2,9,16.4,1.9,15,10,0,3,16,15.2,144,8,8,0,2.5,0.428571429,2.233333333,0.171136654,0.8375,-2.8,-68,4.173913043
2019-11-14,9.22,Lindenwood University,scrim,2,red,defeat,36:25:00,Leona,LeBlanc,Rakan,Lissandra,Fiora,4,0,0,5,0,Ocean Ocean Cloud Ocean Infernal,adc,Puzyri,Tristana,11,4,6,4,2,0,15.4,12.2,2.7,0.4,155.6,123.9,27.5,4.3,774,13.3,4.3,5.4,18.3,6,11.9,0.4,10,6,0,5,15.4,15.2,205,35,20,1,4.25,0.485714286,3.85,0.196679438,1,2.3,-2,6.590389016
2019-11-14,9.22,Lindenwood University,scrim,2,red,defeat,36:25:00,Leona,LeBlanc,Rakan,Lissandra,Fiora,4,0,0,5,0,Ocean Ocean Cloud Ocean Infernal,sup,Kendallizer,Nautilus,1,8,18,1,1,0,9.1,1.3,6.6,1.2,40.8,10.5,14.9,15.4,0,1.3,0.1,5.4,29.3,10.2,18.8,0.3,36,6,0,14,9.4,8.2,59,4,0,0,2.375,0.542857143,1.1375,0.116219668,0.968085106,-1.3,37,1.729977117
2019-11-14,9.22,Lindenwood University,scrim,3,blue,victory,28:55:00,Leona,Orianna,Lissandra,Fiora,LeBlanc,11,3,1,2,1,Cloud Infernal,top,LoL Coach Sam,Kled,6,1,4,5,2,0,14.9,13.9,0,1,176.1,152.6,0,23.6,0,21.3,4.9,4.8,31.2,22.9,7.8,0.6,12,8,0,3,12.9,12.5,211,22,2,8,10,0.4,14.9,0.246688742,1.15503876,4.4,65,8.057636888
2019-11-14,9.22,Lindenwood University,scrim,3,blue,victory,28:55:00,Leona,Orianna,Lissandra,Fiora,LeBlanc,11,3,1,2,1,Cloud Infernal,jng,MoonJuices,Poppy,4,2,12,4,1,0,13,8,4.2,0.8,155,96.3,51.7,7,0,19.4,2.8,8.3,25.1,16,8.3,0.7,1,6,0,2,12.2,10.5,22,152,110,8,8,0.64,6.5,0.215231788,1.06557377,3.5,53,6.017291066
2019-11-14,9.22,Lindenwood University,scrim,3,blue,victory,28:55:00,Leona,Orianna,Lissandra,Fiora,LeBlanc,11,3,1,2,1,Cloud Infernal,mid,VinaZz VI,Akali,6,1,5,6,1,1,13.3,2.7,10.2,0.4,105.4,19.6,82,3.9,0,4.3,1.9,9.8,19.8,7,12.1,0.7,14,4,0,5,10.9,11,169,9,1,8,11,0.44,13.3,0.220198675,1.220183486,0.7,-36,6.155619597
2019-11-14,9.22,Lindenwood University,scrim,3,blue,victory,28:55:00,Leona,Orianna,Lissandra,Fiora,LeBlanc,11,3,1,2,1,Cloud Infernal,adc,Puzyri,Vayne,8,2,4,5,2,0,12.9,8.8,0.4,3.7,100.7,73,0.8,26.9,216,13.3,4.6,3.8,12.1,7.8,3.8,0.5,10,2,0,3,11.1,11,130,20,5,8,6,0.48,6.45,0.213576159,1.162162162,1.5,-46,5.187319885
2019-11-14,9.22,Lindenwood University,scrim,3,blue,victory,28:55:00,Leona,Orianna,Lissandra,Fiora,LeBlanc,11,3,1,2,1,Cloud Infernal,sup,Kendallizer,Thresh,1,4,11,1,1,0,6.3,1,4.9,0.4,13.6,4.6,8.6,0.4,0,4.5,3.5,1,11.1,5.7,4.1,1.2,27,13,0,10,8.2,7.6,16,0,0,0,3,0.48,1.575,0.104304636,0.768292683,-1.1,-46,0.553314121
2019-11-14,9.22,Niagra University,scrim,3,red,defeat,28:55:00,Nunu & Willump,Morgana,Zac,Kai'Sa,Jhin,1,0,0,1,0,Ocean,top,LtJitters,Volibear,0,2,3,0,0,0,7.8,3.2,4.6,0,113.6,87.2,18.2,8.3,0,4,0.8,1.2,16.1,13,1.5,1.5,9,1,0,4,8.5,7.3,168,0,0,0,1.5,0.3,3.9,0.11746988,0.917647059,-4.4,-65,5.809798271
2019-11-14,9.22,Niagra University,scrim,3,red,defeat,28:55:00,Nunu & Willump,Morgana,Zac,Kai'Sa,Jhin,1,0,0,1,0,Ocean,jng,Hypno16,Jarvan IV,2,9,4,2,1,0,10.8,9.1,0.5,1.2,105.3,90.1,9.4,5.8,0,8.8,1.2,5.5,27.9,19.4,6.3,2.2,13,8,0,5,8.7,8.7,33,88,66,4,0.666666667,0.6,1.2,0.162650602,1.24137931,-3.5,-53,4.18443804
2019-11-14,9.22,Niagra University,scrim,3,red,defeat,28:55:00,Nunu & Willump,Morgana,Zac,Kai'Sa,Jhin,1,0,0,1,0,Ocean,mid,Panininani,Ziggs,3,4,3,2,1,0,28.6,0.7,27.7,0.1,140.9,12.9,127.8,0.1,0,1.2,0,3.5,15.3,7.8,6.7,0.8,12,3,0,3,10.2,9.7,198,16,16,0,1.5,0.6,7.15,0.430722892,2.803921569,-0.7,36,7.400576369
2019-11-14,9.22,Niagra University,scrim,3,red,defeat,28:55:00,Nunu & Willump,Morgana,Zac,Kai'Sa,Jhin,1,0,0,1,0,Ocean,adc,Crazymonkey1013,Xayah,1,5,4,1,1,0,10.7,10.1,0.3,0.3,108.4,90.8,1.7,15.9,423,3.8,1.7,1.5,10.9,6.8,3.5,0.6,11,2,0,4,9.6,9.7,188,8,4,0,1,0.5,2.14,0.161144578,1.114583333,-1.5,46,6.778097983
2019-11-14,9.22,Niagra University,scrim,3,red,defeat,28:55:00,Nunu & Willump,Morgana,Zac,Kai'Sa,Jhin,1,0,0,1,0,Ocean,sup,Mister Gambert,Pyke,4,5,4,2,1,0,8.5,5.8,0.5,2.2,34.4,16.4,0.5,17.5,0,2,0.8,2.9,12.8,8.1,3.5,1.3,19,8,0,3,9.3,8.7,62,0,0,0,1.6,0.8,1.7,0.128012048,0.913978495,1.1,46,2.144092219
2019-11-15,9.22,ERAU Daytona Beach,scrim,1,blue,defeat,40:06:00,Xayah,Ahri,Darius,Zilean,Rumble,11,4,1,3,1,Cloud Mountain Elder,top,ColdfusionNA,Mordekaiser,7,6,5,7,1,0,30.1,3.1,25,2.1,200.4,26.3,167.9,6.2,0,19.3,12,9.6,40.1,23.9,14.4,1.8,16,5,0,4,15.3,14.2,208,16,0,0,2.285714286,0.571428571,2.471428571,0.13175933,1.967320261,2.4,70,4.93765586
2019-11-15,9.22,ERAU Daytona Beach,scrim,1,blue,defeat,40:06:00,Xayah,Ahri,Darius,Zilean,Rumble,11,4,1,3,1,Cloud Mountain Elder,jug,DonTheDude,Shen,3,7,13,2,2,0,17.3,10,6.9,0.4,236,117.9,89.1,29,0,31.6,1,6.1,42.1,23.3,16.7,2.1,8,5,0,2,14.1,13.7,45,153,101,12,1.875,0.535714286,3.75,0.228484387,1.226950355,-2.5,-35,4.538653367
2019-11-15,9.22,ERAU Daytona Beach,scrim,1,blue,defeat,40:06:00,Xayah,Ahri,Darius,Zilean,Rumble,11,4,1,3,1,Cloud Mountain Elder,mid,JrOlaf,Neeko,5,8,10,2,1,0,30,2.1,25.9,2,174.7,13.5,145.4,15.8,0,18.4,6.1,4.8,30.4,14.9,13.9,1.6,12,3,0,0,13.1,12.1,182,0,0,0,5.75,0.821428571,12.075,0.367859863,2.290076336,-2.6,-71,6.50872818
2019-11-15,9.22,ERAU Daytona Beach,scrim,1,blue,defeat,40:06:00,Xayah,Ahri,Darius,Zilean,Rumble,11,4,1,3,1,Cloud Mountain Elder,adc,GoodSirr,Jhin,13,4,10,8,2,0,48.3,44,3,1.2,251.8,225.4,10.9,15.5,1723,28.2,4.3,3.9,26.9,17.7,7.8,1.3,10,2,0,1,18.4,17.1,225,36,20,0,1.9,0.678571429,0.56,0.042650419,2.625,1,-62,0.249376559
2019-11-15,9.22,ERAU Daytona Beach,scrim,1,blue,defeat,40:06:00,Xayah,Ahri,Darius,Zilean,Rumble,11,4,1,3,1,Cloud Mountain Elder,sup,Taiga Gremlin,Soraka,0,10,19,0,0,0,5.6,0.5,4.1,1,19.2,4,13.1,2.1,0,5.6,1.1,31.4,21.6,12.9,8.2,0.6,33,5,0,6,9.3,9.3,10,0,0,0,2,0.428571429,5.016666667,0.229246002,0.602150538,-2.9,-58,5.586034913
2019-11-15,9.22,Lindenwood University,scrim,1,red,victory,40:06:00,Draven,Akali,Nunu & Willump,Nautilus,Kai'Sa,6,1,1,2,0,Cloud Cloud,top,snickerpig,Cho'Gath,8,5,8,4,2,1,18,1.7,11.6,4.7,116.3,28.5,74.8,13.1,0,5.5,4.7,16.2,59.1,28.4,27.4,3.3,15,2,0,4,12.9,10.7,150,4,4,0,3.2,0.457142857,3.6,0.144927536,1.395348837,-2.4,-70,3.840399002
2019-11-15,9.22,Lindenwood University,scrim,1,red,victory,40:06:00,Draven,Akali,Nunu & Willump,Nautilus,Kai'Sa,6,1,1,2,0,Cloud Cloud,jng,viorrnera,Kayn,12,7,9,5,1,0,33.3,26.5,5.6,1.1,232.9,208.4,12.4,12.1,0,15.4,0.3,15.9,42.1,29.9,11.4,0.8,14,2,0,0,16.6,13.9,67,166,127,11,3,0.6,4.757142857,0.268115942,2.006024096,2.5,35,5.810473815
2019-11-15,9.22,Lindenwood University,scrim,1,red,victory,40:06:00,Draven,Akali,Nunu & Willump,Nautilus,Kai'Sa,6,1,1,2,0,Cloud Cloud,mid,Renz0,Lissandra,5,7,16,2,2,0,21.8,0.4,21,0.4,212.7,11.6,200.4,0.7,0,2.7,1.8,2.5,23.1,11.6,10.5,1,19,1,0,7,15.7,13.1,249,4,0,0,3,0.6,3.114285714,0.175523349,1.388535032,2.6,71,6.309226933
2019-11-15,9.22,Lindenwood University,scrim,1,red,victory,40:06:00,Draven,Akali,Nunu & Willump,Nautilus,Kai'Sa,6,1,1,2,0,Cloud Cloud,adc,h0gaboga,Sivir,8,3,19,4,3,0,30.5,30.5,0,0,313.8,302.4,0,11.4,895,16.2,11.2,3.9,22.9,15,7.4,0.4,11,1,0,1,17.4,14.9,319,4,4,0,9,0.771428571,10.16666667,0.245571659,1.752873563,-1,62,8.054862843
2019-11-15,9.22,Lindenwood University,scrim,1,red,victory,40:06:00,Draven,Akali,Nunu & Willump,Nautilus,Kai'Sa,6,1,1,2,0,Cloud Cloud,sup,JDFromHeathers,Morgana,2,6,23,2,1,0,20.6,0.3,19.2,1.1,104.7,7.4,90.6,6.7,0,6,2.3,9.1,28.1,15,12,1.1,16,6,0,0,12.2,10.4,68,0,0,0,4.166666667,0.714285714,3.433333333,0.165861514,1.68852459,2.9,58,1.695760599
2019-11-15,9.22,Lindenwood University,scrim,2,blue,victory,39:46:00,Akali,Draven,Nunu & Willump,Neeko,Urgot,9,1,2,3,0,Infernal Cloud Mountain,top,snickerpig,Mordekaiser,8,9,10,2,1,0,31.3,2.8,25.8,2.7,200.3,28.4,152.4,19.5,0,14.8,3.3,15.8,43.8,28.2,15.1,0.5,16,4,0,4,15.5,15,216,18,2,8,2,0.580645161,3.477777778,0.268209083,2.019354839,2.2,41,5.884325231
2019-11-15,9.22,Lindenwood University,scrim,2,blue,victory,39:46:00,Akali,Draven,Nunu & Willump,Neeko,Urgot,9,1,2,3,0,Infernal Cloud Mountain,jng,viorrnera,Kayn,4,5,11,4,1,0,16.3,14.6,0,1.7,273,243.2,8.7,21.1,0,21.8,0.4,21.3,48.6,36.2,11.3,1.1,14,3,0,0,15.9,12.3,33,237,164,17,3,0.483870968,3.26,0.139674379,1.025157233,4,94,6.789606035
2019-11-15,9.22,Lindenwood University,scrim,2,blue,victory,39:46:00,Akali,Draven,Nunu & Willump,Neeko,Urgot,9,1,2,3,0,Infernal Cloud Mountain,mid,Renz0,Lissandra,5,2,12,2,2,0,20.7,0.8,19.5,0.4,197.6,11.9,166.2,19.4,0,11.9,3.5,3.6,23.7,12,11.1,0.6,18,1,0,5,13.6,11.6,213,0,0,0,8.5,0.548387097,10.35,0.177377892,1.522058824,1.8,39,5.356244761
2019-11-15,9.22,Lindenwood University,scrim,2,blue,victory,39:46:00,Akali,Draven,Nunu & Willump,Neeko,Urgot,9,1,2,3,0,Infernal Cloud Mountain,adc,h0gaboga,Sivir,13,3,6,6,3,0,31.4,31.4,0,0,256.9,250.8,0,6.1,1111,37.9,7.4,2.2,22.8,14.5,7.5,0.8,13,2,0,2,17.4,16,237,8,1,0,6.333333333,0.612903226,10.46666667,0.269065981,1.804597701,0.1,-120,6.16093881
2019-11-15,9.22,Lindenwood University,scrim,2,blue,victory,39:46:00,Akali,Draven,Nunu & Willump,Neeko,Urgot,9,1,2,3,0,Infernal Cloud Mountain,sup,JDFromHeathers,Yuumi,1,1,20,1,1,0,17,1.1,14.1,1.8,26,1.9,21.5,2.5,0,2.5,1.4,24.9,6.7,4.4,2.2,0.1,26,6,0,0,10.9,9.2,14,0,0,0,21,0.677419355,17,0.145672665,1.559633028,3.7,7,0.352053646
2019-11-15,9.22,ERAU Daytona Beach,scrim,2,red,defeat,39:46:00,Xayah,Ahri,Darius,Zilean,Rumble,4,0,0,1,1,Cloud,top,ColdfusionNA,Sion,9,4,6,4,3,1,21.2,14.5,6.5,0.2,134.4,96.1,29.3,9,11,2.4,2.2,1.1,39.1,17.9,18.2,3,15,3,0,3,13.3,13.3,189,4,0,0,3.75,0.75,5.3,0.200188857,1.593984962,-2.2,-41,4.853310981
2019-11-15,9.22,ERAU Daytona Beach,scrim,2,red,defeat,39:46:00,Xayah,Ahri,Darius,Zilean,Rumble,4,0,0,1,1,Cloud,jng,DonTheDude,Vi,2,10,13,2,1,0,17.2,15.9,1.1,0.2,175.6,156.9,6.4,12.3,0,13.5,0.1,6.9,35.2,18.1,15.6,1.4,11,4,0,2,11.9,11.8,26,150,118,0,1.5,0.75,1.72,0.162417375,1.445378151,-4,-94,4.425817267
2019-11-15,9.22,ERAU Daytona Beach,scrim,2,red,defeat,39:46:00,Xayah,Ahri,Darius,Zilean,Rumble,4,0,0,1,1,Cloud,mid,JrOlaf,Morgana,5,7,11,3,2,0,32,1.9,29.1,1,151.1,19.7,123.5,7.9,0,11.5,2.3,5.5,30.1,16.6,12.3,1.3,17,4,0,0,11.8,11.8,174,0,0,0,2.285714286,0.8,4.571428571,0.30217186,2.711864407,-1.8,-39,4.375523889
2019-11-15,9.22,ERAU Daytona Beach,scrim,2,red,defeat,39:46:00,Xayah,Ahri,Darius,Zilean,Rumble,4,0,0,1,1,Cloud,adc,GoodSirr,Jinx,4,4,5,2,1,0,29.8,27.2,1.4,1.2,284.8,252.5,6.8,25.6,768,12.7,3.2,4.2,21.7,13.7,7.3,0.8,11,12,0,0,17.3,16.9,341,24,24,0,2.25,0.45,7.45,0.281397545,1.722543353,-0.1,120,9.178541492
2019-11-15,9.22,ERAU Daytona Beach,scrim,2,red,defeat,39:46:00,Xayah,Ahri,Darius,Zilean,Rumble,4,0,0,1,1,Cloud,sup,Taiga Gremlin,Nami,0,6,8,0,0,0,5.7,0.8,4.5,0.4,15.2,4.1,10.7,0.4,0,0.7,0.1,15.1,21,12.5,8.4,0.1,35,5,0,8,7.2,6.8,7,0,0,0,1.333333333,0.4,0.95,0.053824363,0.791666667,-3.7,-7,0.176026823
2019-11-20,9.23,Snow College JV,scrim,1,blue,victory,38:35:00,Yuumi,Kayn,Zoe,Tristana,Morgana,9,2,1,2,0,Ocean Elder,top,ShefDatBoiardee,Shen,2,2,11,2,1,0,16.7,11.2,5.1,0.3,136.3,99.1,19.4,17.8,0,4.4,2.2,7.2,27.9,16.6,11,0.3,14,5,0,5,13,9.3,203,8,0,0,6.5,0.619047619,8.35,0.15154265,1.284615385,1.5,-26,5.468682505
2019-11-20,9.23,Snow College JV,scrim,1,blue,victory,38:35:00,Yuumi,Kayn,Zoe,Tristana,Morgana,9,2,1,2,0,Ocean Elder,jng,DragonMage00,Ekko,3,5,8,2,1,0,8.8,1.6,6.6,0.6,182.1,44.8,120.8,16.5,0,22.4,0.4,21.4,39.8,23.2,15.8,0.7,18,5,0,6,12.5,10.8,18,146,117,0,2.2,0.523809524,1.76,0.079854809,0.704,1,-32,4.250539957
2019-11-20,9.23,Snow College JV,scrim,1,blue,victory,38:35:00,Yuumi,Kayn,Zoe,Tristana,Morgana,9,2,1,2,0,Ocean Elder,mid,299lostspartans,Syndra,3,4,12,3,1,0,25.7,1.2,22.3,2.2,204.2,20.8,169.3,14.2,0,2.1,1.6,5.3,18.1,6.3,11.5,0.3,16,4,0,4,14.4,12.9,297,4,4,0,3.75,0.714285714,6.425,0.233212341,1.784722222,-2.2,-73,7.801295896
2019-11-20,9.23,Snow College JV,scrim,1,blue,victory,38:35:00,Yuumi,Kayn,Zoe,Tristana,Morgana,9,2,1,2,0,Ocean Elder,adc,Rad Tad,Kog'Maw,9,3,10,5,2,1,48.5,29.2,15.8,3.5,280.9,192.2,63.3,25.3,656,27.8,8.1,4.6,15.5,6.3,9.1,0.1,10,4,0,3,17.7,14.2,286,12,8,4,6.333333333,0.904761905,16.16666667,0.440108893,2.740112994,5.7,64,7.723542117
2019-11-20,9.23,Snow College JV,scrim,1,blue,victory,38:35:00,Yuumi,Kayn,Zoe,Tristana,Morgana,9,2,1,2,0,Ocean Elder,sup,ThanDogFlash,Janna,4,1,12,3,1,0,10.5,1.7,6.9,2,28.5,5.9,15.1,7.5,0,7.5,2.9,14.1,16.2,7.1,8.4,0.7,35,8,0,6,10.1,7.8,38,0,0,0,16,0.761904762,10.5,0.095281307,1.03960396,2.1,-15,0.98488121
2019-11-20,9.23,Lindenwood University,scrim,1,red,defeat,38:35:00,Lucian,Akali,Mordekaiser,Orianna,LeBlanc,4,0,0,4,1,Mountain Cloud Cloud Cloud,top,snickerpig,Maokai,1,2,4,1,1,0,17.8,2.7,15,0,169.3,42.2,105.4,21.7,0,8.1,3.2,29.7,55.5,36.2,17.6,1.7,11,6,0,1,11.5,11.5,237,0,0,0,2.5,0.357142857,8.9,0.253922967,1.547826087,-1.5,26,6.142548596
2019-11-20,9.23,Lindenwood University,scrim,1,red,defeat,38:35:00,Lucian,Akali,Mordekaiser,Orianna,LeBlanc,4,0,0,4,1,Mountain Cloud Cloud Cloud,jng,viorrnera,Jarvan IV,3,5,5,3,1,0,11,9.3,0.7,0.9,197.7,168.7,18.3,10.7,0,15.4,0,11.9,36.7,23.5,12.1,1.1,7,2,0,2,11.5,11.5,13,183,155,0,1.6,0.571428571,2.2,0.156918688,0.956521739,-1,32,5.079913607
2019-11-20,9.23,Lindenwood University,scrim,1,red,defeat,38:35:00,Lucian,Akali,Mordekaiser,Orianna,LeBlanc,4,0,0,4,1,Mountain Cloud Cloud Cloud,mid,VinaZz VI,Ryze,8,3,2,7,2,0,19.2,0.6,18.5,0,324.8,12,309.6,3.2,0,12.4,2.5,6.6,22.1,6.3,14.1,1.8,19,6,0,7,16.6,15.7,336,38,12,0,3.333333333,0.714285714,6.4,0.273894437,1.156626506,2.2,73,9.693304536
2019-11-20,9.23,Lindenwood University,scrim,1,red,defeat,38:35:00,Lucian,Akali,Mordekaiser,Orianna,LeBlanc,4,0,0,4,1,Mountain Cloud Cloud Cloud,adc,Puzyri,Kai'Sa,1,4,5,1,1,0,10.8,4.2,6.4,0.2,153.6,110.1,28.9,14.7,420,16.8,0.6,2.7,18.3,9.3,8.7,0.3,14,5,0,5,12,12,226,8,4,0,1.5,0.428571429,2.7,0.154065621,0.9,-5.7,-64,6.064794816
2019-11-20,9.23,Lindenwood University,scrim,1,red,defeat,38:35:00,Lucian,Akali,Mordekaiser,Orianna,LeBlanc,4,0,0,4,1,Mountain Cloud Cloud Cloud,sup,JDFromHeathers,Galio,1,7,5,1,1,0,11.3,0.4,10,0.9,50.3,2.6,43.3,4.4,0,0.6,0,2.4,23.4,12.8,6.9,3.7,23,7,0,0,8,7.3,49,4,0,0,0.857142857,0.428571429,1.614285714,0.161198288,1.4125,-2.1,15,1.373650108
2019-11-20,9.23,Lindenwood University,scrim,2,blue,defeat,27:02:00,Lucian,Akali,Kog'Maw,Orianna,Vayne,0,0,0,0,0,,top,snickerpig,Mordekaiser,2,11,2,2,1,0,10.9,1,9.9,0,70.8,12,58.7,0,0,0.2,0.1,5,29.1,13.9,14.2,0.9,6,2,0,0,8,7.1,128,0,0,0,0.363636364,0.363636364,0.990909091,0.258907363,1.3625,-2,-11,4.734895191
2019-11-20,9.23,Lindenwood University,scrim,2,blue,defeat,27:02:00,Lucian,Akali,Kog'Maw,Orianna,Vayne,0,0,0,0,0,,jng,viorrnera,Nocturne,2,8,1,2,1,0,4.5,3.5,0.3,0.6,113.7,97.5,8.6,7.5,0,4,0,9.3,24.8,19.2,5.2,0.3,9,2,0,1,7.8,7.5,28,105,85,4,0.375,0.272727273,0.5625,0.106888361,0.576923077,-2.9,-10,4.919852035
2019-11-20,9.23,Lindenwood University,scrim,2,blue,defeat,27:02:00,Lucian,Akali,Kog'Maw,Orianna,Vayne,0,0,0,0,0,,mid,VinaZz VI,Zoe,3,8,2,3,1,0,12.8,0.9,10,1.9,85.4,6.9,70.9,7.6,0,1.1,0.5,0.3,16.5,10.9,5.3,0.3,8,1,0,1,8.1,7.8,139,0,0,0,0.625,0.454545455,1.6,0.304038005,1.580246914,-4.9,-63,5.141800247
2019-11-20,9.23,Lindenwood University,scrim,2,blue,defeat,27:02:00,Lucian,Akali,Kog'Maw,Orianna,Vayne,0,0,0,0,0,,adc,Puzyri,Varus,2,7,3,2,1,0,4.9,3,1.9,0,48.2,35.5,9.2,3.5,253,0.2,0,1,14.3,9.2,4.5,0.6,12,1,0,6,7.5,7.6,122,0,0,0,0.714285714,0.454545455,0.7,0.116389549,0.653333333,-8.7,-57,4.512946979
2019-11-20,9.23,Lindenwood University,scrim,2,blue,defeat,27:02:00,Lucian,Akali,Kog'Maw,Orianna,Vayne,0,0,0,0,0,,sup,JDFromHeathers,Galio,2,7,4,2,1,0,9,0.3,8.1,0.6,37.3,2.4,30.8,4.1,0,0.2,0,1.1,18.1,13.8,3,1.3,13,2,0,3,7,6.6,42,0,0,0,0.857142857,0.545454545,1.285714286,0.213776722,1.285714286,-2.3,1,1.553637485
2019-11-20,9.23,Snow College JV,scrim,2,red,victory,27:02:00,Shen,Kayn,Yuumi,Ryze,Morgana,11,3,1,4,2,Ocean Infernal Cloud Cloud,top,ShefDatBoiardee,Kennen,5,2,10,3,1,0,13.1,1.9,10.9,0.3,91.9,22.7,57.3,12,0,12.2,3.4,4,13.6,6.1,7,0.4,12,2,0,6,10,7.7,138,1,0,1,7.5,0.365853659,6.55,0.153755869,1.31,2,11,5.141800247
2019-11-20,9.23,Snow College JV,scrim,2,red,victory,27:02:00,Shen,Kayn,Yuumi,Ryze,Morgana,11,3,1,4,2,Ocean Infernal Cloud Cloud,jng,DragonMage00,Amumu,5,2,16,3,1,0,9.1,1.7,6.4,0.9,148,34.2,85.4,28.4,31,29.3,0.3,10.4,22.4,12.9,9.4,0.1,3,1,0,2,10.7,8.2,21,122,66,15,10.5,0.512195122,4.55,0.106807512,0.85046729,2.9,10,5.289765721
2019-11-20,9.23,Snow College JV,scrim,2,red,victory,27:02:00,Shen,Kayn,Yuumi,Ryze,Morgana,11,3,1,4,2,Ocean Infernal Cloud Cloud,mid,299lostspartans,Zed,10,2,6,5,1,0,14.2,13.6,0.5,0.1,111.9,102.1,7.3,2.5,0,19.2,3.5,3.3,13.1,7.6,4,1.5,10,5,0,2,13,12.2,176,26,4,7,8,0.390243902,7.1,0.166666667,1.092307692,4.9,63,7.472256473
2019-11-20,9.23,Snow College JV,scrim,2,red,victory,27:02:00,Shen,Kayn,Yuumi,Ryze,Morgana,11,3,1,4,2,Ocean Infernal Cloud Cloud,adc,Rad Tad,Senna,15,1,14,13,2,1,33.9,33.3,0,0.7,133,131.2,0,1.8,658,17.9,12.5,13.3,13.1,6.6,5.6,1,7,3,0,2,16.2,12.7,161,18,4,6,29,0.707317073,33.9,0.397887324,2.092592593,8.7,57,6.621454994
2019-11-20,9.23,Snow College JV,scrim,2,red,victory,27:02:00,Shen,Kayn,Yuumi,Ryze,Morgana,11,3,1,4,2,Ocean Infernal Cloud Cloud,sup,ThanDogFlash,Brand,6,4,11,3,2,0,14.9,0.8,12.6,1.5,42.5,6.2,30.7,5.6,0,8.6,2.6,1.7,11.8,4.8,6.8,0.3,21,5,0,7,9.3,8,41,0,0,0,4.25,0.414634146,3.725,0.174882629,1.602150538,2.3,-1,1.516646116
2019-11-20,9.23,Lindenwood University,scrim,3,blue,victory,34:52:00,Volibear,Gangplank,Riven,Akali,Kassadin,8,1,0,4,0,Infernal Infernal Infernal Infernal,top,LoL Coach Sam,Yasuo,13,7,9,4,3,0,26.4,23.4,2.1,0.8,185.2,164.2,17.2,3.8,723,13.1,7.1,4.6,25.6,15.1,8,2.5,11,7,0,3,16.1,12.8,195,36,8,8,3.142857143,0.666666667,3.771428571,0.24,1.639751553,5.8,72,6.625239006
2019-11-20,9.23,Lindenwood University,scrim,3,blue,victory,34:52:00,Volibear,Gangplank,Riven,Akali,Kassadin,8,1,0,4,0,Infernal Infernal Infernal Infernal,jng,MoonJuices,Zac,5,1,27,4,1,0,21.3,1.5,18.5,1.3,240.4,38.8,194.4,7.2,25,17.8,1.1,51.7,49.8,33.8,12.5,3.6,6,6,0,1,14.3,12.1,38,202,140,19,32,0.96969697,21.3,0.193636364,1.48951049,2.5,90,6.883365201
2019-11-20,9.23,Lindenwood University,scrim,3,blue,victory,34:52:00,Volibear,Gangplank,Riven,Akali,Kassadin,8,1,0,4,0,Infernal Infernal Infernal Infernal,mid,Renz0,Lissandra,5,3,20,3,1,0,28.3,0.6,27.7,0,136.4,11.1,125.3,0,0,6.5,3.1,2.3,15.4,9.4,5.5,0.4,14,1,0,3,12.7,12.3,192,12,8,4,8.333333333,0.757575758,9.433333333,0.257272727,2.228346457,0.6,18,5.850860421
2019-11-20,9.23,Lindenwood University,scrim,3,blue,victory,34:52:00,Volibear,Gangplank,Riven,Akali,Kassadin,8,1,0,4,0,Infernal Infernal Infernal Infernal,adc,h0gaboga,Sivir,9,2,16,4,2,0,25.9,25.1,0.7,0.1,170.9,167.7,0.7,2.6,819,15.1,8.7,2.4,12.6,7.3,4.3,1,12,2,0,6,14.3,11.1,203,10,4,2,12.5,0.757575758,12.95,0.235454545,1.811188811,-1.2,-55,6.108986616
2019-11-20,9.23,Lindenwood University,scrim,3,blue,victory,34:52:00,Volibear,Gangplank,Riven,Akali,Kassadin,8,1,0,4,0,Infernal Infernal Infernal Infernal,sup,Kendallizer,Nautilus,1,12,17,1,1,0,8.1,1.5,6,0.7,21.1,6.9,8.9,5.2,0,1.4,0.8,1.4,22,15.5,5.3,1.2,30,11,0,8,7.8,6.5,44,0,0,0,1.5,0.545454545,0.675,0.073636364,1.038461538,-1.1,-6,1.261950287
2019-11-20,9.23,Texas State,scrim,3,red,defeat,34:52:00,Kled,Nunu & Willump,Ahri,Rumble,Renekton,3,0,1,2,1,Ocean Mountain,top,RedHeadedWarrior,Poppy,3,7,11,3,1,1,14.2,9.3,4.8,0,102.2,66.2,25.5,10.5,19,7.9,0.9,4.5,29,14,14.1,0.9,13,3,0,3,10.3,11,155,4,4,0,2,0.56,2.028571429,0.154515778,1.378640777,-5.8,-72,4.560229446
2019-11-20,9.23,Texas State,scrim,3,red,defeat,34:52:00,Kled,Nunu & Willump,Ahri,Rumble,Renekton,3,0,1,2,1,Ocean Mountain,jng,Botman,Jarvan IV,6,10,12,2,1,0,10,8.6,0.8,0.5,137,110.4,18.5,8.1,0,18.5,0.4,11.9,37,24.8,11.7,0.5,4,5,0,4,11.8,10.5,24,126,99,0,1.8,0.72,1,0.108813928,0.847457627,-2.5,-90,4.30210325
2019-11-20,9.23,Texas State,scrim,3,red,defeat,34:52:00,Kled,Nunu & Willump,Ahri,Rumble,Renekton,3,0,1,2,1,Ocean Mountain,mid,Yoona my Noona,Vladimir,4,5,11,3,2,0,20.5,0.8,19.2,0.5,118.4,21.2,96.7,0.5,0,6.6,1.3,21.1,28.5,13.7,14.5,0.4,10,2,0,4,12.1,11.3,186,0,0,0,3,0.6,4.1,0.223068553,1.694214876,-0.6,-18,5.334608031
2019-11-20,9.23,Texas State,scrim,3,red,defeat,34:52:00,Kled,Nunu & Willump,Ahri,Rumble,Renekton,3,0,1,2,1,Ocean Mountain,adc,Kaladra,Xayah,10,4,10,6,2,0,34.6,32.6,0.8,1.2,218.3,214.1,2,2.2,833,23.2,3,4.5,19.7,12.9,6.1,0.7,10,6,0,1,15.5,15.2,239,29,22,0,5,0.8,8.65,0.376496192,2.232258065,1.2,55,7.686424474
2019-11-20,9.23,Texas State,scrim,3,red,defeat,34:52:00,Kled,Nunu & Willump,Ahri,Rumble,Renekton,3,0,1,2,1,Ocean Mountain,sup,MetalDragon14,Rakan,2,7,21,2,1,0,12.6,2,6.1,4.5,32.3,7.9,12.3,12.1,0,1.6,1.4,9.2,24.9,12.3,12.3,0.4,28,16,0,6,8.9,7.8,50,0,0,0,3.285714286,0.92,1.8,0.13710555,1.415730337,1.1,6,1.434034417
2019-11-20,9.23,Texas State,scrim,4,blue,defeat,27:40:00,Kled,Nunu & Willump,Ahri,Zac,Rumble,2,0,0,0,1,,top,RedHeadedWarrior,Ryze,3,6,1,2,1,0,7,0.9,6.2,0,103.7,7.7,95.8,0.2,0,2.4,2.4,2,13.6,9.5,2.9,1.2,9,3,0,4,8.7,8.5,139,12,8,0,0.666666667,0.266666667,1.166666667,0.123239437,0.804597701,-3.9,-24,5.457831325
2019-11-20,9.23,Texas State,scrim,4,blue,defeat,27:40:00,Kled,Nunu & Willump,Ahri,Zac,Rumble,2,0,0,0,1,,jng,Botman,Sejuani,3,4,5,3,1,0,6.5,3.4,2.6,0.5,114.3,55.2,53,6.2,0,11.2,0,7.4,23,13.5,7.8,1.6,4,5,0,4,8.5,8,22,110,94,0,2,0.533333333,1.625,0.11443662,0.764705882,-3.4,-60,4.771084337
2019-11-20,9.23,Texas State,scrim,4,blue,defeat,27:40:00,Kled,Nunu & Willump,Ahri,Zac,Rumble,2,0,0,0,1,,mid,rippedtodamaxx,Syndra,2,5,3,2,1,0,9.9,1,9,0,83.9,8.9,71,4,0,6.8,2.5,0,12.4,8.5,1.9,2,14,1,0,6,8.5,8.6,166,0,0,0,1,0.333333333,1.98,0.174295775,1.164705882,-1.4,16,6
2019-11-20,9.23,Texas State,scrim,4,blue,defeat,27:40:00,Kled,Nunu & Willump,Ahri,Zac,Rumble,2,0,0,0,1,,adc,AlxndurTo,Ezreal,5,3,6,2,2,0,27.2,20.2,6.6,0.4,134.1,117.6,12.2,4.3,0,5.2,2.4,2.3,12.4,9.9,2.2,0.3,5,3,0,2,11.3,10.6,189,16,13,0,3.666666667,0.733333333,9.066666667,0.478873239,2.407079646,0.4,13,7.409638554
2019-11-20,9.23,Texas State,scrim,4,blue,defeat,27:40:00,Kled,Nunu & Willump,Ahri,Zac,Rumble,2,0,0,0,1,,sup,MetalDragon14,Nautilus,2,7,4,2,1,0,6.2,1.6,4.2,0.4,24,8,8.1,7.9,0,0.7,0.7,1.2,14.2,7.1,5.5,1.7,21,3,0,4,6.2,5.6,32,0,0,0,0.857142857,0.4,0.885714286,0.10915493,1,-2.2,1,1.156626506
2019-11-20,9.23,Lindenwood University,scrim,4,red,victory,27:40:00,Volibear,Gangplank,Viktor,Ashe,Renekton,8,1,1,4,0,Cloud Mountain Ocean Ocean,top,LoL Coach Sam,Camille,10,4,4,4,2,0,18.6,13.4,0.3,5,133.4,111.5,0.3,21.6,0,15.2,8.5,8.8,26.4,15.8,10.5,0.1,12,3,0,4,12.6,11.1,171,4,4,0,3.5,0.56,4.65,0.335135135,1.476190476,3.9,24,6.325301205
2019-11-20,9.23,Lindenwood University,scrim,4,red,victory,27:40:00,Volibear,Gangplank,Viktor,Ashe,Renekton,8,1,1,4,0,Cloud Mountain Ocean Ocean,jng,MoonJuices,Poppy,4,2,16,2,1,0,12.8,10.1,1.9,0.8,160.3,107.9,46.5,6,0,23.9,2.9,11.6,23.9,15.7,7.9,0.3,6,3,0,2,11.9,10.2,53,139,95,5,10,0.8,6.4,0.230630631,1.075630252,3.4,60,6.939759036
2019-11-20,9.23,Lindenwood University,scrim,4,red,victory,27:40:00,Volibear,Gangplank,Viktor,Ashe,Renekton,8,1,1,4,0,Cloud Mountain Ocean Ocean,mid,Renz0,Galio,4,2,12,3,1,0,9.7,0.1,9.5,0,92.6,3.8,86.5,2.3,0,10,3,4.1,16.3,12.6,3.4,0.2,13,1,0,4,9.9,8.7,146,4,0,0,8,0.64,4.85,0.174774775,0.97979798,1.4,-16,5.421686747
2019-11-20,9.23,Lindenwood University,scrim,4,red,victory,27:40:00,Volibear,Gangplank,Viktor,Ashe,Renekton,8,1,1,4,0,Cloud Mountain Ocean Ocean,adc,h0gaboga,Sivir,4,2,9,3,1,1,6.5,6.3,0,0.2,132.3,131.3,0,0.9,759,17.5,5.7,3.6,9.5,6.3,3.2,0.1,9,1,0,3,10.9,9.5,156,36,19,4,6.5,0.52,3.25,0.117117117,0.596330275,-0.4,-13,6.939759036
2019-11-20,9.23,Lindenwood University,scrim,4,red,victory,27:40:00,Volibear,Gangplank,Viktor,Ashe,Renekton,8,1,1,4,0,Cloud Mountain Ocean Ocean,sup,Kendallizer,Thresh,3,5,14,3,1,0,7.9,1.3,5.8,0.9,23.3,7.7,11.8,3.9,0,5.6,2.1,4.5,14.4,7.3,6.5,0.6,18,6,0,6,8.4,7.4,31,0,0,0,3.4,0.68,1.58,0.142342342,0.94047619,2.2,-1,1.120481928
2019-11-20,9.23,Lindenwood University,scrim,5,blue,defeat,35:52:00,Volibear,Gangplank,Viktor,Ryze,Corki,2,0,0,1,0,Ocean,top,LoL Coach Sam,Ornn,3,7,6,3,1,1,19.2,5.7,13.4,0.1,167.7,73.3,92.9,1.5,21,4.9,2.7,8.6,40.2,21.5,16.7,1.9,20,0,0,9,10.7,10.6,181,4,4,0,1.285714286,0.409090909,2.742857143,0.203605514,1.794392523,-2.5,10,5.157992565
2019-11-20,9.23,Lindenwood University,scrim,5,blue,defeat,35:52:00,Volibear,Gangplank,Viktor,Ryze,Corki,2,0,0,1,0,Ocean,jng,MoonJuices,Poppy,3,6,15,3,1,0,15.6,11.2,3.1,1.3,222.5,132.8,72.6,17.1,0,12.6,1.7,10.2,40.2,29.2,9.1,2,3,5,0,2,13.4,13.3,99,137,103,8,3,0.818181818,2.6,0.16542948,1.164179104,-2.2,38,6.579925651
2019-11-20,9.23,Lindenwood University,scrim,5,blue,defeat,35:52:00,Volibear,Gangplank,Viktor,Ryze,Corki,2,0,0,1,0,Ocean,mid,Renz0,Syndra,11,5,4,6,3,0,25.3,1.1,23.4,0.7,147.3,13.3,133.1,1,0,5.1,1.1,5.7,20.5,12.9,6.5,1.2,16,3,0,6,13.6,12.8,176,4,0,0,3,0.681818182,5.06,0.268292683,1.860294118,0.9,-34,5.018587361
2019-11-20,9.23,Lindenwood University,scrim,5,blue,defeat,35:52:00,Volibear,Gangplank,Viktor,Ryze,Corki,2,0,0,1,0,Ocean,adc,h0gaboga,Xayah,4,5,8,2,1,0,23.6,22.7,0.2,0.6,208.1,197.1,2.4,8.7,804,12,1.7,2.7,19.7,13.2,5.9,0.5,11,3,0,3,13,12.5,237,20,20,0,2.4,0.545454545,4.72,0.250265111,1.815384615,-3.8,12,7.165427509
2019-11-20,9.23,Lindenwood University,scrim,5,blue,defeat,35:52:00,Volibear,Gangplank,Viktor,Ryze,Corki,2,0,0,1,0,Ocean,sup,Kendallizer,Soraka,1,6,13,1,1,0,10.6,0.7,9.5,0.4,26.7,1.2,24.7,0.9,0,1.5,0.5,33.6,22.8,13.8,8.5,0.5,29,8,0,8,7.5,7.1,15,0,0,0,2.333333333,0.636363636,1.766666667,0.112407211,1.413333333,-2,-35,0.418215613
2019-11-20,9.23,Texas State,scrim,5,red,victory,35:52:00,Kled,Nunu & Willump,Ahri,Rumble,Camille,11,3,2,5,1,Infernal Cloud Cloud Cloud Elder,top,RedHeadedWarrior,Sion,5,4,11,2,2,0,22.3,12.7,8.2,1.4,163.8,96.3,47.6,19.9,0,20.3,6.1,4.4,30.5,14.6,15,0.8,11,5,0,0,13.2,11.3,171,4,0,0,4,0.551724138,5.575,0.198929527,1.689393939,2.5,-10,4.879182156
2019-11-20,9.23,Texas State,scrim,5,red,victory,35:52:00,Kled,Nunu & Willump,Ahri,Rumble,Camille,11,3,2,5,1,Infernal Cloud Cloud Cloud Elder,jng,Botman,Vi,10,3,11,6,3,0,16,14.1,0.7,1.2,195.9,180.2,5.9,9.7,0,35.5,1.4,10,27.4,16.3,10.9,0.2,1,4,0,1,15.6,13.3,46,152,99,0,7,0.724137931,5.333333333,0.142729706,1.025641026,2.2,-38,5.520446097
2019-11-20,9.23,Texas State,scrim,5,red,victory,35:52:00,Kled,Nunu & Willump,Ahri,Rumble,Camille,11,3,2,5,1,Infernal Cloud Cloud Cloud Elder,mid,rippedtodamaxx,Malzahar,1,5,10,1,1,0,23,0.3,22.1,0.6,156.7,10,145.7,1,0,12.2,4.5,1.7,17.7,10.6,6.7,0.4,20,5,0,9,12.7,12.2,206,8,0,0,2.2,0.379310345,4.6,0.205173952,1.811023622,-0.9,34,5.966542751
2019-11-20,9.23,Texas State,scrim,5,red,victory,35:52:00,Kled,Nunu & Willump,Ahri,Rumble,Camille,11,3,2,5,1,Infernal Cloud Cloud Cloud Elder,adc,AlxndurTo,Ashe,13,4,8,7,3,0,40,33.8,4.3,1.9,210,197.5,5.5,7,598,21.1,3.9,4.7,19.9,10.8,8.6,0.5,6,3,0,2,16.8,15.4,209,36,28,4,5.25,0.724137931,10,0.356824264,2.380952381,3.8,-12,6.830855019
2019-11-20,9.23,Texas State,scrim,5,red,victory,35:52:00,Kled,Nunu & Willump,Ahri,Rumble,Camille,11,3,2,5,1,Infernal Cloud Cloud Cloud Elder,sup,MetalDragon14,Braum,0,6,19,0,0,0,10.8,1.8,8,1.1,27,9.6,11.9,5.6,0,2.5,0.3,4.2,24.1,12.3,10.6,1.2,21,17,0,5,9.5,7.5,46,4,0,0,3.166666667,0.655172414,1.8,0.096342551,1.136842105,2,35,1.394052045
2019-11-21,9.23,Kutztown,scrim,1,blue,victory,38:15:00,Zoe,Kled,Sivir,Kai'Sa,Azir,9,2,1,4,1,Mountain Ocean Infernal Infernal,top,SettlerBart,Gnar,4,5,14,4,1,0,19.9,12.5,7.2,0.2,163.4,129.5,31,2.9,0,10.9,3.8,5.5,29.4,12.8,15,1.6,10,12,0,3,13.9,12,196,12,1,5,3.6,0.409090909,3.98,0.141737892,1.431654676,2.4,7,5.437908497
2019-11-21,9.23,Kutztown,scrim,1,blue,victory,38:15:00,Zoe,Kled,Sivir,Kai'Sa,Azir,9,2,1,4,1,Mountain Ocean Infernal Infernal,jng,Professor Dyze,Vi,6,7,22,2,1,0,20.6,18,1.1,1.5,231.9,215.6,7.5,8.8,0,30.5,0.9,11.7,32.5,18.9,12.8,0.9,14,5,0,2,14.3,12.6,28,187,144,8,4,0.636363636,2.942857143,0.146723647,1.440559441,-0.4,3,5.620915033
2019-11-21,9.23,Kutztown,scrim,1,blue,victory,38:15:00,Zoe,Kled,Sivir,Kai'Sa,Azir,9,2,1,4,1,Mountain Ocean Infernal Infernal,mid,ryguy11d6,Heimerdinger,10,5,15,3,2,0,31.3,0.4,30.8,0.1,180.4,12.2,153.5,14.8,0,12,3.7,4.8,16.2,7,8.6,0.7,16,3,0,4,15.8,13.7,211,8,4,0,5,0.568181818,6.26,0.222934473,1.981012658,0.2,-58,5.725490196
2019-11-21,9.23,Kutztown,scrim,1,blue,victory,38:15:00,Zoe,Kled,Sivir,Kai'Sa,Azir,9,2,1,4,1,Mountain Ocean Infernal Infernal,adc,ICEIOLAUS,Xayah,15,4,16,4,2,0,43.3,41.3,1.5,0.5,224.9,214.6,4.9,5.3,796,33.9,9.6,5.3,23,10.5,11.8,0.7,11,6,0,2,18,14.7,216,12,4,0,7.75,0.704545455,10.825,0.308404558,2.405555556,2.7,-33,5.960784314
2019-11-21,9.23,Kutztown,scrim,1,blue,victory,38:15:00,Zoe,Kled,Sivir,Kai'Sa,Azir,9,2,1,4,1,Mountain Ocean Infernal Infernal,sup,Quit Please,Morgana,9,5,22,4,2,0,25.3,1.5,21.5,2.2,73.5,8.3,60.8,4.5,0,4.3,2.8,9.4,22.3,11.6,10.2,0.5,37,7,0,5,12.7,11.2,49,0,0,0,6.2,0.704545455,5.06,0.18019943,1.992125984,4.4,-10,1.281045752
2019-11-21,9.23,Lindenwood University,scrim,1,red,defeat,38:15:00,Trundle,Malzahar,Ekko,Poppy,Nasus,4,0,0,2,0,Infernal Infernal,top,LoL Coach Sam,Camille,3,7,8,3,1,0,15.8,12.8,0.3,2.7,130.9,117.1,0.3,13.6,0,3,0.7,2.3,28.9,17.9,10.6,0.4,21,3,0,7,11.5,11.6,197,4,4,0,1.571428571,0.423076923,2.257142857,0.169164882,1.373913043,-2.4,-7,5.254901961
2019-11-21,9.23,Lindenwood University,scrim,1,red,defeat,38:15:00,Trundle,Malzahar,Ekko,Poppy,Nasus,4,0,0,2,0,Infernal Infernal,jng,MoonJuices,Nunu & Willump,7,8,16,2,2,0,21.2,2.4,17.9,0.8,201.7,38.5,98,65.3,0,8.1,0,25.2,55,33.9,19.7,1.4,2,4,0,2,14.7,14.2,54,158,114,0,2.875,0.884615385,2.65,0.226980728,1.442176871,0.4,-3,5.54248366
2019-11-21,9.23,Lindenwood University,scrim,1,red,defeat,38:15:00,Trundle,Malzahar,Ekko,Poppy,Nasus,4,0,0,2,0,Infernal Infernal,mid,VinaZz VI,Ryze,8,7,10,6,2,0,28.6,0.8,27.8,0.1,268.6,8.7,256.7,3.2,0,2.9,2.9,9.5,33.8,18.2,14.6,0.9,15,5,0,5,15.6,14.3,236,41,32,1,2.571428571,0.692307692,4.085714286,0.30620985,1.833333333,-0.2,58,7.241830065
2019-11-21,9.23,Lindenwood University,scrim,1,red,defeat,38:15:00,Trundle,Malzahar,Ekko,Poppy,Nasus,4,0,0,2,0,Infernal Infernal,adc,h0gaboga,Varus,8,8,8,2,2,1,18.9,14.6,4.2,0.1,209.8,181.3,23.6,4.8,634,14.2,4.7,3.2,19.2,11.6,6.9,0.7,13,0,0,2,15.3,15.5,229,32,24,0,2,0.615384615,2.3625,0.20235546,1.235294118,-2.7,33,6.823529412
2019-11-21,9.23,Lindenwood University,scrim,1,red,defeat,38:15:00,Trundle,Malzahar,Ekko,Poppy,Nasus,4,0,0,2,0,Infernal Infernal,sup,Kendallizer,Nautilus,0,14,13,0,0,0,8.9,1.9,6.3,0.7,26.8,8.9,12.7,5.2,0,1.3,1.1,1.4,32,17.2,13.8,1,27,14,0,11,8.3,7.1,51,8,0,4,0.928571429,0.5,0.635714286,0.095289079,1.072289157,-4.4,10,1.54248366
2019-11-21,9.23,Lindenwood University,scrim,2,blue,victory,34:08:00,Morgana,Heimerdinger,Vi,Ashe,Gnar,9,2,2,5,1,Infernal Cloud Ocean Ocean Elder,top,LoL Coach Sam,Kennen,1,4,4,1,1,0,13.9,2,11.5,0.4,133.3,25.2,104.4,3.8,0,10.8,2.8,6.4,19.3,11.6,6.2,1.5,15,1,0,5,12,10.3,199,2,2,0,1.25,0.208333333,3.475,0.192520776,1.158333333,-0.9,-62,5.888671875
2019-11-21,9.23,Lindenwood University,scrim,2,blue,victory,34:08:00,Morgana,Heimerdinger,Vi,Ashe,Gnar,9,2,2,5,1,Infernal Cloud Ocean Ocean Elder,jng,MoonJuices,Jarvan IV,11,5,11,5,2,0,21.3,19.1,1.5,0.7,196.7,168.4,16.3,12.1,0,30.7,5.1,15.1,34.3,18.2,15.7,0.4,3,5,0,1,16.4,13.7,64,145,100,0,4.4,0.916666667,4.26,0.29501385,1.298780488,5.2,-6,6.123046875
2019-11-21,9.23,Lindenwood University,scrim,2,blue,victory,34:08:00,Morgana,Heimerdinger,Vi,Ashe,Gnar,9,2,2,5,1,Infernal Cloud Ocean Ocean Elder,mid,VinaZz VI,Azir,9,3,4,3,2,0,17.5,0.1,16.1,1.3,162.4,9.3,145.8,7.2,0,20.7,4.1,4.3,16.5,7.8,8.4,0.2,15,8,0,4,14.6,13.3,190,23,12,3,4.333333333,0.541666667,5.833333333,0.242382271,1.198630137,2.3,-15,6.240234375
2019-11-21,9.23,Lindenwood University,scrim,2,blue,victory,34:08:00,Morgana,Heimerdinger,Vi,Ashe,Gnar,9,2,2,5,1,Infernal Cloud Ocean Ocean Elder,adc,h0gaboga,Xayah,3,0,11,3,1,0,13,12.5,0.2,0.3,185.4,178.3,2.1,5,809,32.4,7.3,3.1,7.3,2.9,4.4,0,10,2,0,0,14.2,11.9,204,42,19,8,14,0.583333333,13,0.180055402,0.915492958,2.1,22,7.20703125
2019-11-21,9.23,Lindenwood University,scrim,2,blue,victory,34:08:00,Morgana,Heimerdinger,Vi,Ashe,Gnar,9,2,2,5,1,Infernal Cloud Ocean Ocean Elder,sup,Kendallizer,Thresh,0,5,13,0,0,0,6.5,0.4,5,1,29.1,7.2,14,7.9,0,6.9,2.8,4.8,18.9,9.8,8.5,0.6,29,12,0,10,8.6,6.9,44,0,0,0,2.6,0.541666667,1.3,0.090027701,0.755813953,-0.3,12,1.2890625
2019-11-21,9.23,Kutztown,scrim,2,red,defeat,34:08:00,Kled,Ryze,Sivir,Zoe,Camille,3,0,0,0,0,,top,SettlerBart,Darius,4,4,1,2,1,1,10.4,9,0,1.4,193.7,190.6,0,3,0,9.9,6.8,2.5,26.1,13.1,12,1,13,4,0,3,12.9,12.5,247,16,8,4,1.25,0.294117647,2.6,0.160493827,0.80620155,0.9,62,7.705078125
2019-11-21,9.23,Kutztown,scrim,2,red,defeat,34:08:00,Kled,Ryze,Sivir,Zoe,Camille,3,0,0,0,0,,jng,Professor Dyze,Ekko,3,4,6,2,1,0,14.8,0.9,13.3,0.6,236.6,44.1,186.2,6.3,0,9.9,0,17.8,31.7,22.2,8.6,0.9,10,2,0,1,11.2,10.4,52,163,120,19,2.25,0.529411765,3.7,0.228395062,1.321428571,-5.2,6,6.298828125
2019-11-21,9.23,Kutztown,scrim,2,red,defeat,34:08:00,Kled,Ryze,Sivir,Zoe,Camille,3,0,0,0,0,,mid,ryguy11d6,Malzahar,3,4,7,3,1,0,19.8,0.5,19.3,0,165.2,17.5,139.2,8.5,0,8.3,3.5,0.7,14.6,5.3,8.5,0.8,13,5,0,2,12.3,11.1,228,0,0,0,2.5,0.588235294,4.95,0.305555556,1.609756098,-2.3,15,6.6796875
2019-11-21,9.23,Kutztown,scrim,2,red,defeat,34:08:00,Kled,Ryze,Sivir,Zoe,Camille,3,0,0,0,0,,adc,ICEIOLAUS,Kai'Sa,5,3,4,2,1,0,16.1,9.9,6,0.1,141.8,111.7,16.4,13.7,398,4.7,0.1,2.9,13.6,9.7,3.3,0.5,8,3,0,1,12.1,11.9,219,5,4,0,3,0.529411765,5.366666667,0.24845679,1.330578512,-2.1,-22,6.5625
2019-11-21,9.23,Kutztown,scrim,2,red,defeat,34:08:00,Kled,Ryze,Sivir,Zoe,Camille,3,0,0,0,0,,sup,Quit Please,Pyke,2,9,6,2,1,0,3.7,3.2,0,0.5,18.9,14.1,0,4.8,0,0.6,0.6,2.1,17,11.6,4.9,0.6,31,4,0,5,8.9,8,32,0,0,0,0.888888889,0.470588235,0.411111111,0.057098765,0.415730337,0.3,-12,0.9375
2019-11-21,9.23,Kutztown,scrim,3,blue,defeat,26:41:00,Kled,Azir,Jarvan IV,Ryze,Kennen,3,0,0,0,1,,top,SettlerBart,Nasus,3,3,2,2,2,0,14.5,10.4,3,1,105.8,91.5,9.1,5.1,24,10,6.8,1.1,20.6,12.5,7,1.1,12,5,0,4,10.9,10.5,173,4,0,0,1.666666667,0.5,4.833333333,0.285433071,1.330275229,0.3,-21,6.633354154
2019-11-21,9.23,Kutztown,scrim,3,blue,defeat,26:41:00,Kled,Azir,Jarvan IV,Ryze,Kennen,3,0,0,0,1,,jng,Professor Dyze,Vi,6,2,1,5,1,0,7.6,6,0.4,1.3,132.4,118,3.8,10.7,0,16.3,0.4,5.5,18.2,12,5.7,0.5,9,3,0,1,9.6,9.2,26,117,87,0,3.5,0.7,3.8,0.149606299,0.791666667,-0.5,-22,5.359150531
2019-11-21,9.23,Kutztown,scrim,3,blue,defeat,26:41:00,Kled,Azir,Jarvan IV,Ryze,Kennen,3,0,0,0,1,,mid,ryguy11d6,Xerath,1,9,3,1,1,0,10.9,0.5,10.2,0.2,62.7,5.8,56.8,0.2,0,0.3,0.3,0.3,17,6.2,8.9,1.9,10,0,0,2,6.4,5.8,108,0,0,0,0.444444444,0.4,1.211111111,0.214566929,1.703125,-3.3,-12,4.047470331
2019-11-21,9.23,Kutztown,scrim,3,blue,defeat,26:41:00,Kled,Azir,Jarvan IV,Ryze,Kennen,3,0,0,0,1,,adc,ICEIOLAUS,Caitlyn,0,10,5,0,0,0,12.9,12.2,0.7,0.1,80.7,78.9,1.6,0.1,864,2.2,2.2,2.2,17.2,10.9,5.3,1,4,1,0,1,7.6,7.4,151,4,4,0,0.5,0.5,1.29,0.253937008,1.697368421,-5.9,-10,5.808869457
2019-11-21,9.23,Kutztown,scrim,3,blue,defeat,26:41:00,Kled,Azir,Jarvan IV,Ryze,Kennen,3,0,0,0,1,,sup,Quit Please,Thresh,0,8,2,0,0,0,4.9,0.5,3,1.4,19.7,5.2,7.9,6.6,0,0.3,0.3,1.3,17.2,11,5.5,0.6,14,3,0,3,5.2,5,36,0,0,0,0.25,0.2,0.6125,0.096456693,0.942307692,-1.6,8,1.349156777
2019-11-21,9.23,Lindenwood University,scrim,3,red,victory,26:41:00,Morgana,Heimerdinger,Xayah,Darius,Malzahar,7,1,1,4,0,Mountain Ocean Cloud Cloud,top,LoL Coach Sam,Yasuo,5,2,3,3,2,0,9.2,8.3,0.5,0.3,132,120.5,6.5,5,1155,9.8,3,3.2,13,11.3,1.7,0,10,3,0,3,10.6,9.4,186,12,5,4,4,0.25,4.6,0.121532365,0.867924528,-0.3,21,7.420362274
2019-11-21,9.23,Lindenwood University,scrim,3,red,victory,26:41:00,Morgana,Heimerdinger,Xayah,Darius,Malzahar,7,1,1,4,0,Mountain Ocean Cloud Cloud,jng,MoonJuices,Zac,2,2,20,2,1,0,10.9,0.7,9.4,0.8,146.5,26.8,112.2,7.5,0,17.6,1.1,38.6,39,27.6,7.5,4,11,0,0,3,10.1,8.5,22,143,92,17,11,0.6875,5.45,0.143989432,1.079207921,0.5,22,6.183635228
2019-11-21,9.23,Lindenwood University,scrim,3,red,victory,26:41:00,Morgana,Heimerdinger,Xayah,Darius,Malzahar,7,1,1,4,0,Mountain Ocean Cloud Cloud,mid,VinaZz VI,Zoe,7,0,9,7,1,1,21.3,1.1,16.8,3.4,97.1,9.1,79.8,8.2,187,7.9,3.5,4.1,8.9,3.9,4.8,0.1,10,1,0,2,9.7,8.6,104,16,12,4,16,0.5,21.3,0.281373844,2.195876289,3.3,12,4.497189257
2019-11-21,9.23,Lindenwood University,scrim,3,red,victory,26:41:00,Morgana,Heimerdinger,Xayah,Darius,Malzahar,7,1,1,4,0,Mountain Ocean Cloud Cloud,adc,h0gaboga,Sivir,18,1,4,11,3,0,27.2,26.9,0,0.3,136.2,135.5,0,0.7,703,25,10,2.9,9.8,6.2,3.3,0.4,8,3,0,1,13.5,12.1,153,12,4,0,22,0.6875,27.2,0.359313078,2.014814815,5.9,10,6.183635228
2019-11-21,9.23,Lindenwood University,scrim,3,red,victory,26:41:00,Morgana,Heimerdinger,Xayah,Darius,Malzahar,7,1,1,4,0,Mountain Ocean Cloud Cloud,sup,Kendallizer,Nautilus,0,5,19,0,0,0,7.1,1.6,5,0.5,20.5,6.9,8.9,4.7,0,3,1.4,4.5,17.6,12.5,4.1,1,13,4,0,5,6.8,4.9,28,0,0,0,3.8,0.59375,1.42,0.093791281,1.044117647,1.6,-8,1.04934416
2019-12-06,9.23,Lindenwood University,scrim,1,blue,victory,28:20:00,Mordekaiser,Orianna,Braum,Caitlyn,LeBlanc,9,1,2,4,0,Infernal Ocean Cloud Cloud,top,LoL Coach Sam,Akali,7,2,9,4,2,0,15.8,5,10.7,0.1,109.9,23.3,86.5,0.1,0,5.8,2.7,6.6,19.7,11.3,8.3,0,11,4,0,3,11.2,10.4,183,0,0,0,8,0.41025641,7.9,0.217331499,1.410714286,3.8,25,6.458823529
2019-12-06,9.23,Lindenwood University,scrim,1,blue,victory,28:20:00,Mordekaiser,Orianna,Braum,Caitlyn,LeBlanc,9,1,2,4,0,Infernal Ocean Cloud Cloud,jng,MoonJuices,Zac,9,1,17,7,3,0,17.3,1.9,14.4,1.1,182.2,31.6,143,7.6,0,20.2,1.5,47.4,48.7,41.4,6.7,0.6,4,2,0,0,13.4,12.2,21,183,106,22,26,0.666666667,17.3,0.237964237,1.291044776,6.4,64,7.2
2019-12-06,9.23,Lindenwood University,scrim,1,blue,victory,28:20:00,Mordekaiser,Orianna,Braum,Caitlyn,LeBlanc,9,1,2,4,0,Infernal Ocean Cloud Cloud,mid,VinaZz VI,Yasuo,10,0,8,10,2,0,13.6,13,0.4,0.2,173.9,164.4,4,5.5,701,14.2,3.9,3.7,14.3,8.4,5.7,0.1,12,4,0,3,13.5,12.1,210,9,0,9,18,0.461538462,13.6,0.187070151,1.007407407,3.2,24,7.729411765
2019-12-06,9.23,Lindenwood University,scrim,1,blue,victory,28:20:00,Mordekaiser,Orianna,Braum,Caitlyn,LeBlanc,9,1,2,4,0,Infernal Ocean Cloud Cloud,adc,h0gaboga,Sivir,7,0,12,7,1,1,16.4,15.7,0.4,0.3,133.2,131.7,0.7,0.8,806,33.3,7.6,2.9,12.7,9.9,2.8,0,10,1,0,1,11.6,10.8,128,32,13,4,19,0.487179487,16.4,0.225584594,1.413793103,3.5,18,5.647058824
2019-12-06,9.23,Lindenwood University,scrim,1,blue,victory,28:20:00,Mordekaiser,Orianna,Braum,Caitlyn,LeBlanc,9,1,2,4,0,Infernal Ocean Cloud Cloud,sup,Kendallizer,Thresh,6,4,17,3,1,0,9.6,1.8,6.9,1,22.7,6.3,12.6,3.8,0,4.2,2.6,3.3,14.2,9.2,4.9,0.1,23,15,0,10,9.3,8.7,35,0,0,0,5.75,0.58974359,2.4,0.132049519,1.032258065,3.2,9,1.235294118
2019-12-06,9.23,Kirkwood University,scrim,1,red,defeat,28:20:00,Kled,Warwick,Nunu & Willump,Ryze,Xayah,0,0,0,0,0,,top,ItsNotMason,Shen,0,5,2,0,0,0,10.9,5.6,5.3,0,82.5,38.3,40.6,3.6,0,1,1,0.7,19.6,10,8.6,1,8,3,0,1,7.4,6.9,158,0,0,0,0.4,0.285714286,2.18,0.194991055,1.472972973,-3.8,-25,5.576470588
2019-12-06,9.23,Kirkwood University,scrim,1,red,defeat,28:20:00,Kled,Warwick,Nunu & Willump,Ryze,Xayah,0,0,0,0,0,,jng,Tastyclay,Graves,0,10,0,0,0,0,8.9,8.2,0.5,0.2,117.6,108.6,6.7,2.3,0,1.7,0,5.7,22.6,13.5,8.8,0.3,11,3,0,2,7,6.9,35,105,96,4,0,0,0.89,0.15921288,1.271428571,-6.4,-64,4.941176471
2019-12-06,9.23,Kirkwood University,scrim,1,red,defeat,28:20:00,Kled,Warwick,Nunu & Willump,Ryze,Xayah,0,0,0,0,0,,mid,Senbo,Syndra,5,6,0,4,2,0,19.3,1.5,17.4,0.5,120.4,11.5,103.9,5.1,0,0,0,0,14.3,8.8,5.2,0.3,11,2,0,3,10.3,9.5,195,0,0,0,0.833333333,0.714285714,3.216666667,0.345259392,1.873786408,-3.2,-24,6.882352941
2019-12-06,9.23,Kirkwood University,scrim,1,red,defeat,28:20:00,Kled,Warwick,Nunu & Willump,Ryze,Xayah,0,0,0,0,0,,adc,Bruce Juice,Lucian,2,10,3,2,1,0,9.8,8.3,1.5,0,90.3,83.2,7.1,0,0,0,0,3.3,20.6,12.2,7.4,0.9,12,1,0,3,8.1,7.5,140,2,2,0,0.5,0.714285714,0.98,0.175313059,1.209876543,-3.5,-18,5.011764706
2019-12-06,9.23,Kirkwood University,scrim,1,red,defeat,28:20:00,Kled,Warwick,Nunu & Willump,Ryze,Xayah,0,0,0,0,0,,sup,Diemson,Senna,0,8,5,0,0,0,7,7,0,0,14,14,0,0,182,0,0,4.5,14,8.1,5.7,0.1,18,9,0,5,6.1,5.6,26,0,0,0,0.625,0.714285714,0.875,0.125223614,1.147540984,-3.2,-9,0.917647059
2019-12-06,9.23,Kirkwood University,scrim,2,blue,victory,25:28:00,Thresh,Zac,Warwick,Ryze,Nautilus,11,3,1,4,0,Cloud Infernal Ocean Ocean,top,ItsNotMason,Fiora,10,5,4,8,3,0,18.7,13.4,1,4.4,119.7,106.4,1.3,12,489,13.5,7.8,9.2,22.4,18,3.3,1.1,8,1,0,1,12,11.8,129,18,4,9,2.8,0.451612903,3.74,0.249001332,1.558333333,0.5,-27,5.772251309
2019-12-06,9.23,Kirkwood University,scrim,2,blue,victory,25:28:00,Thresh,Zac,Warwick,Ryze,Nautilus,11,3,1,4,0,Cloud Infernal Ocean Ocean,jng,Tastyclay,Jarvan IV,8,5,12,2,2,0,12.5,10,1.8,0.6,108.5,73.4,28.5,6.7,0,18.1,1.8,12.6,29.5,22.4,6.3,0.8,10,4,0,2,10.7,9.9,22,104,67,8,4,0.64516129,2.5,0.16644474,1.168224299,2.5,-3,4.947643979
2019-12-06,9.23,Kirkwood University,scrim,2,blue,victory,25:28:00,Thresh,Zac,Warwick,Ryze,Nautilus,11,3,1,4,0,Cloud Infernal Ocean Ocean,mid,Senbo,Ziggs,6,1,13,4,2,0,29.6,1.4,28.1,0,153.4,12.1,116.1,25.1,0,38.9,32.5,3.1,13.8,8.8,4.2,0.9,12,0,0,4,12.1,8.9,160,4,0,4,19,0.612903226,29.6,0.394141145,2.446280992,2.7,24,6.439790576
2019-12-06,9.23,Kirkwood University,scrim,2,blue,victory,25:28:00,Thresh,Zac,Warwick,Ryze,Nautilus,11,3,1,4,0,Cloud Infernal Ocean Ocean,adc,Bruce Juice,Xayah,3,6,7,3,1,0,8.9,8.2,0.7,0.1,85.3,77.8,4.8,2.7,400,12,4.1,2.1,11.8,8.8,1.9,1.1,10,4,0,3,9,8.4,131,4,0,0,1.666666667,0.322580645,1.483333333,0.118508655,0.988888889,0.5,-31,5.30104712
2019-12-06,9.23,Kirkwood University,scrim,2,blue,victory,25:28:00,Thresh,Zac,Warwick,Ryze,Nautilus,11,3,1,4,0,Cloud Infernal Ocean Ocean,sup,Diemson,Alistar,4,2,8,3,1,0,5.4,0.8,3.9,0.7,15.5,5.8,5.8,4,0,2.8,1.8,9.7,14.5,9.8,3.5,1.2,17,4,0,4,7.3,6.4,25,0,0,0,6,0.387096774,2.7,0.071904128,0.739726027,-0.3,-5,0.981675393
2019-12-06,9.23,Lindenwood University,scrim,2,red,defeat,25:28:00,Mordekaiser,Orianna,Braum,LeBlanc,Morgana,2,0,0,0,2,,top,LoL Coach Sam,Kled,8,4,4,3,1,0,17.5,17,0,0.5,123.8,122.2,0,1.6,0,5.5,3.6,3.1,33.3,19.8,10,3.5,7,2,0,4,11.5,11.4,162,12,4,8,3,0.631578947,4.375,0.257352941,1.52173913,-0.5,27,6.832460733
2019-12-06,9.23,Lindenwood University,scrim,2,red,defeat,25:28:00,Mordekaiser,Orianna,Braum,LeBlanc,Morgana,2,0,0,0,2,,jng,MoonJuices,Jax,2,11,6,2,1,0,12.6,8.6,3.1,0.9,125.2,91.9,26,7.4,0,19,0.2,6.6,27,19.4,6.6,1,6,3,0,0,8.2,8,21,108,88,4,0.727272727,0.421052632,1.145454545,0.185294118,1.536585366,-2.5,3,5.065445026
2019-12-06,9.23,Lindenwood University,scrim,2,red,defeat,25:28:00,Mordekaiser,Orianna,Braum,LeBlanc,Morgana,2,0,0,0,2,,mid,VinaZz VI,Zoe,4,5,5,2,1,0,15.6,1.2,12.6,1.8,81.9,9.6,68.2,4.2,0,1.8,0,2.9,15.6,6.7,8.1,0.7,9,3,0,2,9.4,8.4,140,0,0,0,1.8,0.473684211,3.12,0.229411765,1.659574468,-2.7,-24,5.497382199
2019-12-06,9.23,Lindenwood University,scrim,2,red,defeat,25:28:00,Mordekaiser,Orianna,Braum,LeBlanc,Morgana,2,0,0,0,2,,adc,h0gaboga,Sivir,2,3,7,2,1,1,13.3,13.2,0,0.1,104.2,101.5,0,2.7,571,2.1,0.1,1.9,12.5,8.1,4,0.3,6,1,0,0,8.5,8.2,162,4,0,0,3,0.473684211,4.433333333,0.195588235,1.564705882,-0.5,31,6.518324607
2019-12-06,9.23,Lindenwood University,scrim,2,red,defeat,25:28:00,Mordekaiser,Orianna,Braum,LeBlanc,Morgana,2,0,0,0,2,,sup,Kendallizer,Pyke,3,8,6,2,1,0,9,7,0.3,1.7,22.9,14.2,0.3,8.3,0,0.7,0,3.5,18.8,9.2,9.2,0.3,20,7,0,7,7.6,7.2,30,0,0,0,1.125,0.473684211,1.125,0.132352941,1.184210526,0.3,5,1.178010471
2019-12-06,9.23,Juniata College,scrim,3,blue,defeat,35:05:00,Ahri,Caitlyn,Morgana,Yuumi,Zilean,3,0,0,2,0,Cloud Mountain,top,mrmoptop2,Vladimir,0,8,1,0,0,0,28.3,4.5,23.7,0,165.1,20.8,138.5,5.8,0,2.1,2.1,32.2,39.7,25.5,12.8,1.3,11,3,0,3,10.4,9.6,202,4,0,0,0.125,0.1,3.5375,0.323428571,2.721153846,-2,30,5.871733967
2019-12-06,9.23,Juniata College,scrim,3,blue,defeat,35:05:00,Ahri,Caitlyn,Morgana,Yuumi,Zilean,3,0,0,2,0,Cloud Mountain,jng,tiki787,Sejuani,1,6,4,1,1,0,9.5,5,3.4,1.1,149.1,75.9,61.5,11.7,0,12.2,0,8.5,35.6,23.8,8.8,3.1,5,9,0,6,9.2,8.8,16,136,104,0,0.833333333,0.5,1.583333333,0.108571429,1.032608696,-5.4,-62,4.332541568
2019-12-06,9.23,Juniata College,scrim,3,blue,defeat,35:05:00,Ahri,Caitlyn,Morgana,Yuumi,Zilean,3,0,0,2,0,Cloud Mountain,mid,GallifreyGabe,Orianna,1,6,4,1,1,0,16.3,0.6,15.7,0,140.2,18.4,117.2,4.6,0,3.9,0.7,1.7,16.3,6.9,8.1,1.3,14,2,0,4,9.7,9.4,209,8,0,0,0.833333333,0.5,2.716666667,0.186285714,1.680412371,-3.2,0,6.185273159
2019-12-06,9.23,Juniata College,scrim,3,blue,defeat,35:05:00,Ahri,Caitlyn,Morgana,Yuumi,Zilean,3,0,0,2,0,Cloud Mountain,adc,JabbermanKurtz,Tristana,8,3,1,7,3,0,28.6,23,4.5,1,224.6,178.5,44,2.2,636,9.2,2.5,2,17.4,7.4,9,1,13,4,0,3,15.8,14.6,266,48,36,8,3,0.9,9.533333333,0.326857143,1.810126582,2.3,120,8.950118765
2019-12-06,9.23,Juniata College,scrim,3,blue,defeat,35:05:00,Ahri,Caitlyn,Morgana,Yuumi,Zilean,3,0,0,2,0,Cloud Mountain,sup,Some Wobbles,Alistar,0,7,7,0,0,0,4.8,0.6,3.9,0.4,18.1,5.1,7.8,5.2,0,0.9,0.9,6.3,21.6,9.2,7.5,5,27,6,0,4,7.1,7,28,0,0,0,1,0.7,0.685714286,0.054857143,0.676056338,-1.4,6,0.798099762
2019-12-06,9.23,Lindenwood University,scrim,3,red,victory,35:05:00,Shen,Brand,Cassiopeia,Senna,Syndra,8,1,1,3,0,Infernal Mountain Mountain,top,snickerpig,Maokai,5,0,12,5,1,0,24.7,8.2,15.9,0.7,124.7,40.2,77.6,6.8,0,9.2,5.8,26.6,47.4,24.7,21.5,1.2,10,7,0,2,12.4,10.2,172,4,0,0,17,0.566666667,24.7,0.241919687,1.991935484,2,-30,5.016627078
2019-12-06,9.23,Lindenwood University,scrim,3,red,victory,35:05:00,Shen,Brand,Cassiopeia,Senna,Syndra,8,1,1,3,0,Infernal Mountain Mountain,jng,viorrnera,Kayn,10,4,10,5,2,1,23.6,21.7,0.1,1.8,225.5,209.5,7.7,8.3,0,16.1,2,20.5,43.8,29.2,14.2,0.4,12,0,0,0,14.6,13.7,27,187,140,13,5,0.666666667,5.9,0.231145935,1.616438356,5.4,62,6.09976247
2019-12-06,9.23,Lindenwood University,scrim,3,red,victory,35:05:00,Shen,Brand,Cassiopeia,Senna,Syndra,8,1,1,3,0,Infernal Mountain Mountain,mid,Renz0,Lissandra,4,1,15,3,1,0,20.2,0.7,19,0.5,172.1,13.1,149.9,9,0,7.8,2.8,2.3,13.9,7.1,6.5,0.3,15,3,0,7,12.9,11.7,217,0,0,0,19,0.633333333,20.2,0.19784525,1.565891473,3.2,0,6.185273159
2019-12-06,9.23,Lindenwood University,scrim,3,red,victory,35:05:00,Shen,Brand,Cassiopeia,Senna,Syndra,8,1,1,3,0,Infernal Mountain Mountain,adc,Puzyri,Vayne,10,2,7,8,2,0,23.9,14.3,1,8.6,143.8,109.4,4.6,29.8,432,23.6,7.2,2.5,17.6,9.4,8,0.2,14,3,0,6,13.5,11.6,186,8,0,0,8.5,0.566666667,11.95,0.234084231,1.77037037,-2.3,-120,5.529691211
2019-12-06,9.23,Lindenwood University,scrim,3,red,victory,35:05:00,Shen,Brand,Cassiopeia,Senna,Syndra,8,1,1,3,0,Infernal Mountain Mountain,sup,JDFromHeathers,Soraka,1,3,19,1,1,0,9.7,0.7,9,0,30.7,1.9,28.7,0,0,1.9,1.1,27.6,10.3,4.8,5.1,0.4,24,6,0,2,8.5,6.8,22,0,0,0,6.666666667,0.666666667,3.233333333,0.095004897,1.141176471,1.4,-6,0.627078385
2019-12-06,9.23,Lindenwood University,scrim,4,blue,defeat,33:43:00,Ornn,Brand,Cassiopeia,Syndra,Rek'Sai,1,0,0,1,0,Infernal,top,snickerpig,Shen,2,10,8,2,1,0,12.7,5.8,6.8,0.1,98.4,52,38.9,7.5,0,2.6,2.5,2.5,33.5,18.2,14.5,0.9,10,4,0,2,10,10,157,0,0,0,1,0.714285714,1.27,0.194486983,1.27,-2.7,-39,4.656450816
2019-12-06,9.23,Lindenwood University,scrim,4,blue,defeat,33:43:00,Ornn,Brand,Cassiopeia,Syndra,Rek'Sai,1,0,0,1,0,Infernal,jng,viorrnera,Kayn,2,4,5,2,1,0,13,11.6,0.3,1.1,174.9,153.5,10,11.4,0,11.6,0,19.2,40.1,28.1,10.8,1.2,11,3,0,0,9.5,9.1,19,151,127,0,1.75,0.5,3.25,0.199081164,1.368421053,-2.2,-6,5.042016807
2019-12-06,9.23,Lindenwood University,scrim,4,blue,defeat,33:43:00,Ornn,Brand,Cassiopeia,Syndra,Rek'Sai,1,0,0,1,0,Infernal,mid,Renz0,Lissandra,5,6,5,4,3,0,11.1,0.3,10.9,0,106.6,10.8,92.6,3.2,0,3,0,2.3,21.4,7.2,13.8,0.4,15,0,0,6,11.5,10.8,175,0,0,0,1.666666667,0.714285714,1.85,0.169984686,0.965217391,-3.5,-59,5.190311419
2019-12-06,9.23,Lindenwood University,scrim,4,blue,defeat,33:43:00,Ornn,Brand,Cassiopeia,Syndra,Rek'Sai,1,0,0,1,0,Infernal,adc,Puzyri,Vayne,3,4,1,2,2,0,10.6,6.8,0.1,3.6,73.7,51.1,0.8,21.8,0,2.2,0,1.8,14.3,7,6.4,0.9,11,2,0,4,9,8.6,121,0,0,0,1,0.285714286,2.65,0.162327718,1.177777778,-4.6,-127,3.588729609
2019-12-06,9.23,Lindenwood University,scrim,4,blue,defeat,33:43:00,Ornn,Brand,Cassiopeia,Syndra,Rek'Sai,1,0,0,1,0,Infernal,sup,JDFromHeathers,Zilean,2,6,10,2,1,0,17.9,0.6,17.3,0.1,63.8,1.1,62.5,0.1,0,1.8,0,9,17.9,7.2,10.6,0.1,20,7,0,2,7.9,7.6,44,0,0,0,2,0.857142857,2.983333333,0.274119449,2.265822785,-0.7,15,1.304992585
2019-12-06,9.23,Juniata College,scrim,4,red,victory,33:43:00,Ahri,Caitlyn,Morgana,Yuumi,Soraka,10,2,1,4,1,Cloud Mountain Infernal Infernal,top,mrmoptop2,Poppy,5,3,7,2,1,1,20.8,14,6.5,0.3,157.5,103.3,42.2,12,0,3.7,3.6,2.7,26.8,15,9.5,2.3,13,3,0,3,12.7,11.8,194,2,0,2,4,0.4,6.933333333,0.213114754,1.637795276,2.7,39,5.813148789
2019-12-06,9.23,Juniata College,scrim,4,red,victory,33:43:00,Ahri,Caitlyn,Morgana,Yuumi,Soraka,10,2,1,4,1,Cloud Mountain Infernal Infernal,jng,tiki787,Olaf,5,4,6,2,2,0,12.7,10.1,0,2.7,203.8,164.9,9.2,29.8,0,41.1,2.8,16.7,39.6,30.3,8.2,1.1,6,2,0,5,11.7,10.8,18,158,117,5,2.75,0.366666667,3.175,0.130122951,1.085470085,2.2,6,5.219970341
2019-12-06,9.23,Juniata College,scrim,4,red,victory,33:43:00,Ahri,Caitlyn,Morgana,Yuumi,Soraka,10,2,1,4,1,Cloud Mountain Infernal Infernal,mid,GallifreyGabe,Veigar,14,1,7,11,3,0,28.9,0.4,28.6,0,169,16.9,138.1,14,0,12.3,6.2,3.8,13.2,5.5,7.4,0.3,12,4,0,1,15,13.6,202,32,8,8,21,0.7,28.9,0.296106557,1.926666667,3.5,59,6.94018784
2019-12-06,9.23,Juniata College,scrim,4,red,victory,33:43:00,Ahri,Caitlyn,Morgana,Yuumi,Soraka,10,2,1,4,1,Cloud Mountain Infernal Infernal,adc,JabbermanKurtz,Kai'Sa,4,3,11,3,1,0,29.1,17.4,11.6,0.1,174,133.8,38.8,1.4,0,31.3,3,5.2,18.5,9.4,8.7,0.4,11,4,0,4,13.6,12.2,220,28,8,8,5,0.5,9.7,0.298155738,2.139705882,4.6,127,7.355412753
2019-12-06,9.23,Juniata College,scrim,4,red,victory,33:43:00,Ahri,Caitlyn,Morgana,Yuumi,Soraka,10,2,1,4,1,Cloud Mountain Infernal Infernal,sup,Some Wobbles,Alistar,2,3,12,2,1,0,6.1,0.3,5.5,0.4,23.6,6,12.3,5.3,0,2.3,2,9.3,15.4,7.7,7,0.7,22,5,0,4,8.6,7.2,29,0,0,0,4.666666667,0.466666667,2.033333333,0.0625,0.709302326,0.7,-15,0.860108749
2019-12-06,9.23,Juniata College,scrim,5,blue,victory,29:00:00,Ahri,Caitlyn,Kayn,Maokai,Darius,10,2,1,3,2,Mountain Cloud Cloud,top,mrmoptop3,Shen,7,2,9,4,1,0,20.4,10.8,9.5,0,117.6,58.4,50.8,8.4,0,3.4,2.8,3.1,16.7,14.2,2.4,0.1,8,0,0,2,11.6,10.7,161,0,0,0,8,0.551724138,10.2,0.279452055,1.75862069,0.9,-30,5.551724138
2019-12-06,9.23,Juniata College,scrim,5,blue,victory,29:00:00,Ahri,Caitlyn,Kayn,Maokai,Darius,10,2,1,3,2,Mountain Cloud Cloud,jng,tiki788,Olaf,8,1,7,7,3,0,9.7,7.7,0,2,191.8,160.8,5.7,25.3,0,48,3.6,11.6,28.2,23.6,4.7,0,7,5,0,8,12.9,14.2,45,142,85,11,15,0.517241379,9.7,0.132876712,0.751937984,4.1,41,6.448275862
2019-12-06,9.23,Juniata College,scrim,5,blue,victory,29:00:00,Ahri,Caitlyn,Kayn,Maokai,Darius,10,2,1,3,2,Mountain Cloud Cloud,mid,GallifreyGabe,Syndra,1,4,10,1,1,0,13.8,0.7,12.7,0.4,102.7,12,85,5.7,0,4.7,2.6,1.7,8.6,2.8,5.6,0.2,12,1,0,4,9.9,8.6,173,4,4,0,2.75,0.379310345,3.45,0.189041096,1.393939394,1,21,6.103448276
2019-12-06,9.23,Juniata College,scrim,5,blue,victory,29:00:00,Ahri,Caitlyn,Kayn,Maokai,Darius,10,2,1,3,2,Mountain Cloud Cloud,adc,JabbermanKurtz,Draven,12,3,5,10,5,0,20.8,19.5,0.7,0.6,155.8,149.7,4,2.1,1350,26.3,9.7,1.3,9.7,4.5,4.8,0.3,11,5,0,5,15.4,12.8,179,32,8,12,5.666666667,0.586206897,6.933333333,0.284931507,1.350649351,6.5,60,7.275862069
2019-12-06,9.23,Juniata College,scrim,5,blue,victory,29:00:00,Ahri,Caitlyn,Kayn,Maokai,Darius,10,2,1,3,2,Mountain Cloud Cloud,sup,Some Wobbles,Blitzcrank,1,3,17,1,1,0,8.3,3,5,0.3,25.6,10.3,10,5.3,0,3,2.8,0.9,10.4,3.8,6.2,0.4,20,8,0,4,8,6.6,31,0,0,0,6,0.620689655,2.766666667,0.11369863,1.0375,1.8,3,1.068965517
2019-12-06,9.23,Lindenwood University,scrim,5,red,defeat,29:00:00,Poppy,Alistar,Ornn,Cassiopeia,Veigar,3,0,0,1,0,Infernal,top,snickerpig,Trundle,3,9,0,3,1,0,13.4,12.1,1.3,0,137.3,125.7,1.3,10.3,0,12.7,12.6,8,33.1,23.2,9.2,0.7,6,3,0,1,10.7,10.5,191,0,0,0,0.333333333,0.230769231,1.488888889,0.315294118,1.252336449,-0.9,30,6.586206897
2019-12-06,9.23,Lindenwood University,scrim,5,red,defeat,29:00:00,Poppy,Alistar,Ornn,Cassiopeia,Veigar,3,0,0,1,0,Infernal,jng,viorrnera,Jarvan IV,2,4,6,2,1,0,4.7,4,0.2,0.5,127.1,111.5,8.6,7,0,7.3,0.4,7.9,22.7,16.9,5.5,0.3,9,4,0,0,8.8,7.7,18,128,102,4,2,0.615384615,1.175,0.110588235,0.534090909,-4.1,-41,5.034482759
2019-12-06,9.23,Lindenwood University,scrim,5,red,defeat,29:00:00,Poppy,Alistar,Ornn,Cassiopeia,Veigar,3,0,0,1,0,Infernal,mid,Renz0,Rumble,4,4,5,2,1,1,16.2,0.4,15.3,0.5,91.7,7.4,83.8,0.5,0,1.9,0,0.9,14.6,8.8,5.1,0.7,8,4,0,1,8.9,8,156,0,0,0,2.25,0.692307692,4.05,0.381176471,1.820224719,-1,-21,5.379310345
2019-12-06,9.23,Lindenwood University,scrim,5,red,defeat,29:00:00,Poppy,Alistar,Ornn,Cassiopeia,Veigar,3,0,0,1,0,Infernal,adc,Puzyri,Varus,3,4,1,2,1,0,3.4,2.1,1.2,0,77.9,56.7,15.6,5.6,0,4.1,2.5,1,8.8,6.7,1.2,0.9,6,0,0,3,8.9,8.5,151,0,0,0,1,0.307692308,0.85,0.08,0.382022472,-6.5,-60,5.206896552
2019-12-06,9.23,Lindenwood University,scrim,5,red,defeat,29:00:00,Poppy,Alistar,Ornn,Cassiopeia,Veigar,3,0,0,1,0,Infernal,sup,JDFromHeathers,Tahm Kench,1,8,4,1,1,0,4.8,1.3,3.5,0,23.1,6.3,11.4,5.3,0,1.4,0.7,3,23,13.7,8.6,0.7,19,1,0,0,6.2,5.3,28,0,0,0,0.625,0.384615385,0.6,0.112941176,0.774193548,-1.8,-3,0.965517241
